dateTime,dateTime,ridership,day_week,hour
2010-04-17 04:00:00,2010-04-17 04:00:00,16.171875,5,4
2010-04-17 08:00:00,2010-04-17 08:00:00,7.591666666666667,5,8
2010-04-17 12:00:00,2010-04-17 12:00:00,38.483333333333334,5,12
2010-04-17 16:00:00,2010-04-17 16:00:00,85.765625,5,16
2010-04-17 20:00:00,2010-04-17 20:00:00,100.41129032258064,5,20
2010-04-18 00:00:00,2010-04-18 00:00:00,58.346774193548384,6,0
2010-04-18 04:00:00,2010-04-18 04:00:00,17.725806451612904,6,4
2010-04-18 08:00:00,2010-04-18 08:00:00,6.579545454545454,6,8
2010-04-18 12:00:00,2010-04-18 12:00:00,32.59090909090909,6,12
2010-04-18 16:00:00,2010-04-18 16:00:00,73.54166666666667,6,16
2010-04-18 20:00:00,2010-04-18 20:00:00,99.88541666666667,6,20
2010-04-19 00:00:00,2010-04-19 00:00:00,45.861111111111114,0,0
2010-04-19 12:00:00,2010-04-19 12:00:00,68.94444444444444,0,12
2010-04-19 16:00:00,2010-04-19 16:00:00,132.8125,0,16
2010-04-19 20:00:00,2010-04-19 20:00:00,220.41935483870967,0,20
2010-04-20 00:00:00,2010-04-20 00:00:00,92.2258064516129,1,0
2010-04-20 04:00:00,2010-04-20 04:00:00,10.258064516129032,1,4
2010-04-20 08:00:00,2010-04-20 08:00:00,16.34259259259259,1,8
2010-04-20 12:00:00,2010-04-20 12:00:00,74.23148148148148,1,12
2010-04-20 16:00:00,2010-04-20 16:00:00,135.58870967741936,1,16
2010-04-20 20:00:00,2010-04-20 20:00:00,234.05645161290323,1,20
2010-04-21 00:00:00,2010-04-21 00:00:00,109.575,2,0
2010-04-21 04:00:00,2010-04-21 04:00:00,13.033333333333333,2,4
2010-04-21 08:00:00,2010-04-21 08:00:00,17.723214285714285,2,8
2010-04-21 12:00:00,2010-04-21 12:00:00,73.5603448275862,2,12
2010-04-21 16:00:00,2010-04-21 16:00:00,135.15322580645162,2,16
2010-04-21 20:00:00,2010-04-21 20:00:00,236.16129032258064,2,20
2010-04-22 00:00:00,2010-04-22 00:00:00,96.70161290322581,3,0
2010-04-22 04:00:00,2010-04-22 04:00:00,10.766129032258064,3,4
2010-04-22 08:00:00,2010-04-22 08:00:00,17.217391304347824,3,8
2010-04-22 12:00:00,2010-04-22 12:00:00,77.40217391304348,3,12
2010-04-22 16:00:00,2010-04-22 16:00:00,137.63709677419354,3,16
2010-04-22 20:00:00,2010-04-22 20:00:00,225.5,3,20
2010-04-23 00:00:00,2010-04-23 00:00:00,109.80645161290323,4,0
2010-04-23 12:00:00,2010-04-23 12:00:00,76.70535714285714,4,12
2010-04-23 16:00:00,2010-04-23 16:00:00,134.63392857142858,4,16
2010-04-23 20:00:00,2010-04-23 20:00:00,196.74107142857142,4,20
2010-05-01 04:00:00,2010-05-01 04:00:00,19.758064516129032,5,4
2010-05-01 08:00:00,2010-05-01 08:00:00,7.87962962962963,5,8
2010-05-01 12:00:00,2010-05-01 12:00:00,42.52777777777778,5,12
2010-05-01 16:00:00,2010-05-01 16:00:00,94.83870967741936,5,16
2010-05-01 20:00:00,2010-05-01 20:00:00,119.56451612903226,5,20
2010-05-02 00:00:00,2010-05-02 00:00:00,67.09677419354838,6,0
2010-05-02 04:00:00,2010-05-02 04:00:00,18.693548387096776,6,4
2010-05-02 08:00:00,2010-05-02 08:00:00,7.051724137931035,6,8
2010-05-02 12:00:00,2010-05-02 12:00:00,34.327586206896555,6,12
2010-05-02 16:00:00,2010-05-02 16:00:00,67.5603448275862,6,16
2010-05-02 20:00:00,2010-05-02 20:00:00,91.01612903225806,6,20
2010-05-03 00:00:00,2010-05-03 00:00:00,45.7109375,0,0
2010-05-03 04:00:00,2010-05-03 04:00:00,7.46875,0,4
2010-05-03 08:00:00,2010-05-03 08:00:00,17.348214285714285,0,8
2010-05-03 12:00:00,2010-05-03 12:00:00,52.69047619047619,0,12
2010-05-03 16:00:00,2010-05-03 16:00:00,83.44642857142857,0,16
2010-05-03 20:00:00,2010-05-03 20:00:00,200.94117647058823,0,20
2010-05-04 00:00:00,2010-05-04 00:00:00,79.55263157894737,1,0
2010-05-04 04:00:00,2010-05-04 04:00:00,9.364583333333334,1,4
2010-05-04 08:00:00,2010-05-04 08:00:00,17.364583333333332,1,8
2010-05-04 12:00:00,2010-05-04 12:00:00,73.19444444444444,1,12
2010-05-04 16:00:00,2010-05-04 16:00:00,140.14772727272728,1,16
2010-05-04 20:00:00,2010-05-04 20:00:00,254.4375,1,20
2010-05-05 00:00:00,2010-05-05 00:00:00,102.86,2,0
2010-05-05 04:00:00,2010-05-05 04:00:00,13.425,2,4
2010-05-05 08:00:00,2010-05-05 08:00:00,17.68103448275862,2,8
2010-05-05 12:00:00,2010-05-05 12:00:00,75.1,2,12
2010-05-05 16:00:00,2010-05-05 16:00:00,137.68103448275863,2,16
2010-05-05 20:00:00,2010-05-05 20:00:00,225.8793103448276,2,20
2010-05-06 00:00:00,2010-05-06 00:00:00,100.775,3,0
2010-05-06 04:00:00,2010-05-06 04:00:00,12.241666666666667,3,4
2010-05-06 08:00:00,2010-05-06 08:00:00,18.48913043478261,3,8
2010-05-06 12:00:00,2010-05-06 12:00:00,80.51041666666667,3,12
2010-05-06 16:00:00,2010-05-06 16:00:00,133.69166666666666,3,16
2010-05-06 20:00:00,2010-05-06 20:00:00,223.34166666666667,3,20
2010-05-07 00:00:00,2010-05-07 00:00:00,110.98333333333333,4,0
2010-05-07 04:00:00,2010-05-07 04:00:00,14.379032258064516,4,4
2010-05-07 08:00:00,2010-05-07 08:00:00,16.462962962962962,4,8
2010-05-07 12:00:00,2010-05-07 12:00:00,69.06481481481481,4,12
2010-05-07 16:00:00,2010-05-07 16:00:00,146.91071428571428,4,16
2010-05-07 20:00:00,2010-05-07 20:00:00,222.5344827586207,4,20
2010-05-08 00:00:00,2010-05-08 00:00:00,87.78448275862068,5,0
2010-05-08 04:00:00,2010-05-08 04:00:00,20.1015625,5,4
2010-05-08 08:00:00,2010-05-08 08:00:00,7.431034482758621,5,8
2010-05-08 12:00:00,2010-05-08 12:00:00,34.59,5,12
2010-05-08 16:00:00,2010-05-08 16:00:00,74.73148148148148,5,16
2010-05-08 20:00:00,2010-05-08 20:00:00,101.78448275862068,5,20
2010-05-09 00:00:00,2010-05-09 00:00:00,64.5603448275862,6,0
2010-05-09 08:00:00,2010-05-09 08:00:00,6.336956521739131,6,8
2010-05-09 12:00:00,2010-05-09 12:00:00,29.054347826086957,6,12
2010-05-09 16:00:00,2010-05-09 16:00:00,57.6,6,16
2010-05-09 20:00:00,2010-05-09 20:00:00,77.4274193548387,6,20
2010-05-10 00:00:00,2010-05-10 00:00:00,40.65625,0,0
2010-05-10 04:00:00,2010-05-10 04:00:00,6.3203125,0,4
2010-05-10 08:00:00,2010-05-10 08:00:00,16.071428571428573,0,8
2010-05-10 12:00:00,2010-05-10 12:00:00,70.94642857142857,0,12
2010-05-10 16:00:00,2010-05-10 16:00:00,128.66129032258064,0,16
2010-05-10 20:00:00,2010-05-10 20:00:00,218.58064516129033,0,20
2010-05-11 00:00:00,2010-05-11 00:00:00,92.16129032258064,1,0
2010-05-11 12:00:00,2010-05-11 12:00:00,54.229166666666664,1,12
2010-05-11 16:00:00,2010-05-11 16:00:00,93.97619047619048,1,16
2010-05-11 20:00:00,2010-05-11 20:00:00,207.52884615384616,1,20
2010-05-12 00:00:00,2010-05-12 00:00:00,95.19642857142857,2,0
2010-05-12 04:00:00,2010-05-12 04:00:00,14.15,2,4
2010-05-12 08:00:00,2010-05-12 08:00:00,17.758333333333333,2,8
2010-05-12 12:00:00,2010-05-12 12:00:00,75.33333333333333,2,12
2010-05-12 16:00:00,2010-05-12 16:00:00,128.89814814814815,2,16
2010-05-12 20:00:00,2010-05-12 20:00:00,227.86666666666667,2,20
2010-05-13 00:00:00,2010-05-13 00:00:00,94.41129032258064,3,0
2010-05-13 12:00:00,2010-05-13 12:00:00,76.13888888888889,3,12
2010-05-13 16:00:00,2010-05-13 16:00:00,137.18965517241378,3,16
2010-05-13 20:00:00,2010-05-13 20:00:00,230.91379310344828,3,20
2010-05-14 00:00:00,2010-05-14 00:00:00,105.64166666666667,4,0
2010-05-14 12:00:00,2010-05-14 12:00:00,82.65,4,12
2010-05-14 16:00:00,2010-05-14 16:00:00,131.375,4,16
2010-05-14 20:00:00,2010-05-14 20:00:00,191.7962962962963,4,20
2010-05-22 04:00:00,2010-05-22 04:00:00,19.546875,5,4
2010-05-22 08:00:00,2010-05-22 08:00:00,8.151785714285714,5,8
2010-05-22 12:00:00,2010-05-22 12:00:00,40.330357142857146,5,12
2010-05-22 16:00:00,2010-05-22 16:00:00,80.9921875,5,16
2010-05-22 20:00:00,2010-05-22 20:00:00,109.53333333333333,5,20
2010-05-23 00:00:00,2010-05-23 00:00:00,69.55833333333334,6,0
2010-05-23 04:00:00,2010-05-23 04:00:00,18.072580645161292,6,4
2010-05-23 08:00:00,2010-05-23 08:00:00,6.153225806451613,6,8
2010-05-23 12:00:00,2010-05-23 12:00:00,30.217741935483872,6,12
2010-05-23 16:00:00,2010-05-23 16:00:00,69.50806451612904,6,16
2010-05-23 20:00:00,2010-05-23 20:00:00,90.98387096774194,6,20
2010-05-24 00:00:00,2010-05-24 00:00:00,46.00806451612903,0,0
2010-05-24 04:00:00,2010-05-24 04:00:00,9.629032258064516,0,4
2010-05-24 08:00:00,2010-05-24 08:00:00,16.428571428571427,0,8
2010-05-24 12:00:00,2010-05-24 12:00:00,76.65178571428571,0,12
2010-05-24 16:00:00,2010-05-24 16:00:00,125.62962962962963,0,16
2010-05-24 20:00:00,2010-05-24 20:00:00,209.15740740740742,0,20
2010-05-25 00:00:00,2010-05-25 00:00:00,83.51851851851852,1,0
2010-05-25 04:00:00,2010-05-25 04:00:00,10.51923076923077,1,4
2010-05-25 08:00:00,2010-05-25 08:00:00,13.166666666666666,1,8
2010-05-25 12:00:00,2010-05-25 12:00:00,76.15,1,12
2010-05-25 16:00:00,2010-05-25 16:00:00,129.50892857142858,1,16
2010-05-25 20:00:00,2010-05-25 20:00:00,224.02586206896552,1,20
2010-05-26 00:00:00,2010-05-26 00:00:00,95.33064516129032,2,0
2010-05-26 08:00:00,2010-05-26 08:00:00,20.208333333333332,2,8
2010-05-26 12:00:00,2010-05-26 12:00:00,86.29166666666667,2,12
2010-05-26 16:00:00,2010-05-26 16:00:00,139.04,2,16
2010-05-26 20:00:00,2010-05-26 20:00:00,224.125,2,20
2010-05-27 00:00:00,2010-05-27 00:00:00,91.484375,3,0
2010-05-27 12:00:00,2010-05-27 12:00:00,70.67708333333333,3,12
2010-05-27 16:00:00,2010-05-27 16:00:00,112.51612903225806,3,16
2010-05-27 20:00:00,2010-05-27 20:00:00,203.1451612903226,3,20
2010-05-28 00:00:00,2010-05-28 00:00:00,77.78225806451613,4,0
2010-05-28 04:00:00,2010-05-28 04:00:00,12.709677419354838,4,4
2010-05-28 08:00:00,2010-05-28 08:00:00,15.435185185185185,4,8
2010-05-28 12:00:00,2010-05-28 12:00:00,63.59,4,12
2010-05-28 16:00:00,2010-05-28 16:00:00,133.61607142857142,4,16
2010-05-28 20:00:00,2010-05-28 20:00:00,148.8125,4,20
2010-05-29 00:00:00,2010-05-29 00:00:00,70.24166666666666,5,0
2010-05-29 04:00:00,2010-05-29 04:00:00,16.5546875,5,4
2010-05-29 08:00:00,2010-05-29 08:00:00,7.172413793103448,5,8
2010-05-29 12:00:00,2010-05-29 12:00:00,33.330357142857146,5,12
2010-05-29 16:00:00,2010-05-29 16:00:00,65.4274193548387,5,16
2010-05-29 20:00:00,2010-05-29 20:00:00,91.41935483870968,5,20
2010-05-30 00:00:00,2010-05-30 00:00:00,61.0546875,6,0
2010-05-30 04:00:00,2010-05-30 04:00:00,16.5234375,6,4
2010-05-30 08:00:00,2010-05-30 08:00:00,6.695652173913044,6,8
2010-05-30 12:00:00,2010-05-30 12:00:00,32.58695652173913,6,12
2010-05-30 16:00:00,2010-05-30 16:00:00,61.024193548387096,6,16
2010-05-30 20:00:00,2010-05-30 20:00:00,92.87903225806451,6,20
2010-05-31 00:00:00,2010-05-31 00:00:00,51.346774193548384,0,0
2010-05-31 12:00:00,2010-05-31 12:00:00,31.125,0,12
2010-05-31 16:00:00,2010-05-31 16:00:00,54.51923076923077,0,16
2010-05-31 20:00:00,2010-05-31 20:00:00,87.75892857142857,0,20
2010-06-01 00:00:00,2010-06-01 00:00:00,42.55172413793103,1,0
2010-06-01 12:00:00,2010-06-01 12:00:00,66.36206896551724,1,12
2010-06-01 16:00:00,2010-06-01 16:00:00,108.66379310344827,1,16
2010-06-01 20:00:00,2010-06-01 20:00:00,196.6293103448276,1,20
2010-06-02 00:00:00,2010-06-02 00:00:00,78.41666666666667,2,0
2010-06-02 04:00:00,2010-06-02 04:00:00,10.661290322580646,2,4
2010-06-02 08:00:00,2010-06-02 08:00:00,16.75,2,8
2010-06-02 12:00:00,2010-06-02 12:00:00,73.99107142857143,2,12
2010-06-02 16:00:00,2010-06-02 16:00:00,107.71875,2,16
2010-06-02 20:00:00,2010-06-02 20:00:00,187.01,2,20
2010-06-03 00:00:00,2010-06-03 00:00:00,89.575,3,0
2010-06-03 12:00:00,2010-06-03 12:00:00,75.17307692307692,3,12
2010-06-03 16:00:00,2010-06-03 16:00:00,120.66935483870968,3,16
2010-06-03 20:00:00,2010-06-03 20:00:00,204.125,3,20
2010-06-04 00:00:00,2010-06-04 00:00:00,91.45967741935483,4,0
2010-06-04 12:00:00,2010-06-04 12:00:00,53.07692307692308,4,12
2010-06-04 16:00:00,2010-06-04 16:00:00,95.80208333333333,4,16
2010-06-04 20:00:00,2010-06-04 20:00:00,158.58,4,20
2010-06-05 00:00:00,2010-06-05 00:00:00,73.13888888888889,5,0
2010-06-05 04:00:00,2010-06-05 04:00:00,20.25,5,4
2010-06-05 08:00:00,2010-06-05 08:00:00,7.233333333333333,5,8
2010-06-05 12:00:00,2010-06-05 12:00:00,35.30833333333333,5,12
2010-06-05 16:00:00,2010-06-05 16:00:00,74.21774193548387,5,16
2010-06-05 20:00:00,2010-06-05 20:00:00,96.79032258064517,5,20
2010-06-06 00:00:00,2010-06-06 00:00:00,61.975806451612904,6,0
2010-06-06 04:00:00,2010-06-06 04:00:00,17.612903225806452,6,4
2010-06-06 08:00:00,2010-06-06 08:00:00,6.64,6,8
2010-06-06 12:00:00,2010-06-06 12:00:00,29.78,6,12
2010-06-06 16:00:00,2010-06-06 16:00:00,50.725,6,16
2010-06-06 20:00:00,2010-06-06 20:00:00,69.95,6,20
2010-06-07 00:00:00,2010-06-07 00:00:00,41.78225806451613,0,0
2010-06-07 12:00:00,2010-06-07 12:00:00,76.0375,0,12
2010-06-07 16:00:00,2010-06-07 16:00:00,112.77272727272727,0,16
2010-06-07 20:00:00,2010-06-07 20:00:00,204.75,0,20
2010-06-08 00:00:00,2010-06-08 00:00:00,87.46551724137932,1,0
2010-06-08 12:00:00,2010-06-08 12:00:00,74.675,1,12
2010-06-08 16:00:00,2010-06-08 16:00:00,116.14516129032258,1,16
2010-06-08 20:00:00,2010-06-08 20:00:00,204.78225806451613,1,20
2010-06-09 00:00:00,2010-06-09 00:00:00,89.5241935483871,2,0
2010-06-09 04:00:00,2010-06-09 04:00:00,12.233870967741936,2,4
2010-06-09 08:00:00,2010-06-09 08:00:00,18.088709677419356,2,8
2010-06-09 12:00:00,2010-06-09 12:00:00,71.8671875,2,12
2010-06-09 16:00:00,2010-06-09 16:00:00,117.48387096774194,2,16
2010-06-09 20:00:00,2010-06-09 20:00:00,204.675,2,20
2010-06-10 00:00:00,2010-06-10 00:00:00,74.98333333333333,3,0
2010-06-10 04:00:00,2010-06-10 04:00:00,9.991379310344827,3,4
2010-06-10 12:00:00,2010-06-10 12:00:00,74.85576923076923,3,12
2010-06-10 16:00:00,2010-06-10 16:00:00,117.87096774193549,3,16
2010-06-10 20:00:00,2010-06-10 20:00:00,200.49193548387098,3,20
2010-06-11 00:00:00,2010-06-11 00:00:00,91.2258064516129,4,0
2010-06-11 04:00:00,2010-06-11 04:00:00,14.798387096774194,4,4
2010-06-11 08:00:00,2010-06-11 08:00:00,16.064814814814813,4,8
2010-06-11 12:00:00,2010-06-11 12:00:00,33.265625,4,12
2010-06-11 16:00:00,2010-06-11 16:00:00,85.4875,4,16
2010-06-11 20:00:00,2010-06-11 20:00:00,127.125,4,20
2010-06-12 00:00:00,2010-06-12 00:00:00,62.61,5,0
2010-06-12 04:00:00,2010-06-12 04:00:00,20.958333333333332,5,4
2010-06-12 12:00:00,2010-06-12 12:00:00,79.875,5,12
2010-06-12 16:00:00,2010-06-12 16:00:00,68.2890625,5,16
2010-06-12 20:00:00,2010-06-12 20:00:00,91.171875,5,20
2010-06-13 00:00:00,2010-06-13 00:00:00,61.140625,6,0
2010-06-13 04:00:00,2010-06-13 04:00:00,17.411290322580644,6,4
2010-06-13 08:00:00,2010-06-13 08:00:00,6.395833333333333,6,8
2010-06-13 12:00:00,2010-06-13 12:00:00,29.99,6,12
2010-06-13 16:00:00,2010-06-13 16:00:00,78.10483870967742,6,16
2010-06-13 20:00:00,2010-06-13 20:00:00,91.98387096774194,6,20
2010-06-14 00:00:00,2010-06-14 00:00:00,36.546875,0,0
2010-06-14 12:00:00,2010-06-14 12:00:00,65.19642857142857,0,12
2010-06-14 16:00:00,2010-06-14 16:00:00,105.62903225806451,0,16
2010-06-14 20:00:00,2010-06-14 20:00:00,196.42741935483872,0,20
2010-06-15 00:00:00,2010-06-15 00:00:00,85.2,1,0
2010-06-15 12:00:00,2010-06-15 12:00:00,83.83,1,12
2010-06-15 16:00:00,2010-06-15 16:00:00,147.90625,1,16
2010-06-15 20:00:00,2010-06-15 20:00:00,267.75,1,20
2010-06-16 00:00:00,2010-06-16 00:00:00,99.11607142857143,2,0
2010-06-16 08:00:00,2010-06-16 08:00:00,18.102272727272727,2,8
2010-06-16 12:00:00,2010-06-16 12:00:00,76.68478260869566,2,12
2010-06-16 16:00:00,2010-06-16 16:00:00,112.56481481481481,2,16
2010-06-16 20:00:00,2010-06-16 20:00:00,231.94791666666666,2,20
2010-06-17 00:00:00,2010-06-17 00:00:00,105.3125,3,0
2010-06-17 04:00:00,2010-06-17 04:00:00,13.22,3,4
2010-06-17 12:00:00,2010-06-17 12:00:00,76.92592592592592,3,12
2010-06-17 16:00:00,2010-06-17 16:00:00,116.85,3,16
2010-06-17 20:00:00,2010-06-17 20:00:00,208.63709677419354,3,20
2010-06-18 00:00:00,2010-06-18 00:00:00,93.54838709677419,4,0
2010-06-18 08:00:00,2010-06-18 08:00:00,15.305555555555555,4,8
2010-06-18 12:00:00,2010-06-18 12:00:00,65.46296296296296,4,12
2010-06-18 16:00:00,2010-06-18 16:00:00,117.25806451612904,4,16
2010-06-18 20:00:00,2010-06-18 20:00:00,179.3548387096774,4,20
2010-06-19 00:00:00,2010-06-19 00:00:00,81.09677419354838,5,0
2010-06-19 04:00:00,2010-06-19 04:00:00,18.798387096774192,5,4
2010-06-19 08:00:00,2010-06-19 08:00:00,7.661290322580645,5,8
2010-06-19 12:00:00,2010-06-19 12:00:00,40.056451612903224,5,12
2010-06-19 16:00:00,2010-06-19 16:00:00,79.65322580645162,5,16
2010-06-19 20:00:00,2010-06-19 20:00:00,105.79838709677419,5,20
2010-06-20 00:00:00,2010-06-20 00:00:00,73.66129032258064,6,0
2010-06-20 04:00:00,2010-06-20 04:00:00,18.879032258064516,6,4
2010-06-20 08:00:00,2010-06-20 08:00:00,6.29,6,8
2010-06-20 12:00:00,2010-06-20 12:00:00,34.802083333333336,6,12
2010-06-20 16:00:00,2010-06-20 16:00:00,60.84166666666667,6,16
2010-06-20 20:00:00,2010-06-20 20:00:00,80.66935483870968,6,20
2010-06-21 00:00:00,2010-06-21 00:00:00,47.86290322580645,0,0
2010-06-21 12:00:00,2010-06-21 12:00:00,67.48387096774194,0,12
2010-06-21 16:00:00,2010-06-21 16:00:00,102.27678571428571,0,16
2010-06-21 20:00:00,2010-06-21 20:00:00,179.47115384615384,0,20
2010-06-22 00:00:00,2010-06-22 00:00:00,73.76785714285714,1,0
2010-06-22 12:00:00,2010-06-22 12:00:00,70.71666666666667,1,12
2010-06-22 16:00:00,2010-06-22 16:00:00,112.38709677419355,1,16
2010-06-22 20:00:00,2010-06-22 20:00:00,202.33870967741936,1,20
2010-06-23 00:00:00,2010-06-23 00:00:00,85.78225806451613,2,0
2010-06-23 04:00:00,2010-06-23 04:00:00,10.983870967741936,2,4
2010-06-23 08:00:00,2010-06-23 08:00:00,16.625,2,8
2010-06-23 12:00:00,2010-06-23 12:00:00,74.625,2,12
2010-06-23 16:00:00,2010-06-23 16:00:00,110.64516129032258,2,16
2010-06-23 20:00:00,2010-06-23 20:00:00,205.16935483870967,2,20
2010-06-24 00:00:00,2010-06-24 00:00:00,92.25,3,0
2010-06-24 04:00:00,2010-06-24 04:00:00,13.8,3,4
2010-06-24 08:00:00,2010-06-24 08:00:00,17.0,3,8
2010-06-24 12:00:00,2010-06-24 12:00:00,75.26086956521739,3,12
2010-06-24 16:00:00,2010-06-24 16:00:00,82.52631578947368,3,16
2010-06-24 20:00:00,2010-06-24 20:00:00,127.72619047619048,3,20
2010-06-25 00:00:00,2010-06-25 00:00:00,75.00961538461539,4,0
2010-06-25 04:00:00,2010-06-25 04:00:00,15.379310344827585,4,4
2010-06-25 08:00:00,2010-06-25 08:00:00,15.51923076923077,4,8
2010-06-25 12:00:00,2010-06-25 12:00:00,69.71296296296296,4,12
2010-06-25 16:00:00,2010-06-25 16:00:00,116.26612903225806,4,16
2010-06-25 20:00:00,2010-06-25 20:00:00,177.83064516129033,4,20
2010-06-26 00:00:00,2010-06-26 00:00:00,77.59677419354838,5,0
2010-06-26 04:00:00,2010-06-26 04:00:00,21.088709677419356,5,4
2010-06-26 08:00:00,2010-06-26 08:00:00,7.741379310344827,5,8
2010-06-26 12:00:00,2010-06-26 12:00:00,40.9051724137931,5,12
2010-06-26 16:00:00,2010-06-26 16:00:00,71.05645161290323,5,16
2010-06-26 20:00:00,2010-06-26 20:00:00,97.73387096774194,5,20
2010-06-27 00:00:00,2010-06-27 00:00:00,58.53225806451613,6,0
2010-06-27 04:00:00,2010-06-27 04:00:00,17.572580645161292,6,4
2010-06-27 08:00:00,2010-06-27 08:00:00,7.413043478260869,6,8
2010-06-27 12:00:00,2010-06-27 12:00:00,32.16304347826087,6,12
2010-06-27 16:00:00,2010-06-27 16:00:00,60.275,6,16
2010-06-27 20:00:00,2010-06-27 20:00:00,80.47413793103448,6,20
2010-06-28 00:00:00,2010-06-28 00:00:00,45.10344827586207,0,0
2010-06-28 12:00:00,2010-06-28 12:00:00,77.9,0,12
2010-06-28 16:00:00,2010-06-28 16:00:00,102.04629629629629,0,16
2010-06-28 20:00:00,2010-06-28 20:00:00,187.39655172413794,0,20
2010-06-29 00:00:00,2010-06-29 00:00:00,70.9758064516129,1,0
2010-06-29 12:00:00,2010-06-29 12:00:00,73.38709677419355,1,12
2010-06-29 16:00:00,2010-06-29 16:00:00,103.35483870967742,1,16
2010-06-29 20:00:00,2010-06-29 20:00:00,199.36290322580646,1,20
2010-06-30 00:00:00,2010-06-30 00:00:00,95.45161290322581,2,0
2010-06-30 04:00:00,2010-06-30 04:00:00,13.120689655172415,2,4
2010-06-30 08:00:00,2010-06-30 08:00:00,16.875,2,8
2010-06-30 12:00:00,2010-06-30 12:00:00,75.55208333333333,2,12
2010-06-30 16:00:00,2010-06-30 16:00:00,109.14655172413794,2,16
2010-06-30 20:00:00,2010-06-30 20:00:00,212.74137931034483,2,20
2010-07-01 00:00:00,2010-07-01 00:00:00,92.54166666666667,3,0
2010-07-01 08:00:00,2010-07-01 08:00:00,15.16,3,8
2010-07-01 12:00:00,2010-07-01 12:00:00,63.65217391304348,3,12
2010-07-01 16:00:00,2010-07-01 16:00:00,101.4375,3,16
2010-07-01 20:00:00,2010-07-01 20:00:00,195.86290322580646,3,20
2010-07-02 00:00:00,2010-07-02 00:00:00,83.38333333333334,4,0
2010-07-02 04:00:00,2010-07-02 04:00:00,13.033333333333333,4,4
2010-07-02 08:00:00,2010-07-02 08:00:00,13.357142857142858,4,8
2010-07-02 12:00:00,2010-07-02 12:00:00,62.529411764705884,4,12
2010-07-02 16:00:00,2010-07-02 16:00:00,116.6375,4,16
2010-07-02 20:00:00,2010-07-02 20:00:00,144.046875,4,20
2011-04-30 04:00:00,2011-04-30 04:00:00,17.5,5,4
2011-04-30 08:00:00,2011-04-30 08:00:00,8.108333333333333,5,8
2011-04-30 12:00:00,2011-04-30 12:00:00,43.166666666666664,5,12
2011-04-30 16:00:00,2011-04-30 16:00:00,74.55263157894737,5,16
2011-04-30 20:00:00,2011-04-30 20:00:00,90.92763157894737,5,20
2011-05-01 00:00:00,2011-05-01 00:00:00,58.5328947368421,6,0
2011-05-01 04:00:00,2011-05-01 04:00:00,15.756578947368421,6,4
2011-05-01 08:00:00,2011-05-01 08:00:00,6.537878787878788,6,8
2011-05-01 12:00:00,2011-05-01 12:00:00,34.52272727272727,6,12
2011-05-01 16:00:00,2011-05-01 16:00:00,61.96052631578947,6,16
2011-05-01 20:00:00,2011-05-01 20:00:00,87.52702702702703,6,20
2011-05-02 00:00:00,2011-05-02 00:00:00,35.75675675675676,0,0
2011-05-02 04:00:00,2011-05-02 04:00:00,6.628378378378378,0,4
2011-05-02 08:00:00,2011-05-02 08:00:00,14.838235294117647,0,8
2011-05-02 12:00:00,2011-05-02 12:00:00,67.63235294117646,0,12
2011-05-02 16:00:00,2011-05-02 16:00:00,104.41447368421052,0,16
2011-05-02 20:00:00,2011-05-02 20:00:00,183.30405405405406,0,20
2011-05-03 00:00:00,2011-05-03 00:00:00,76.52702702702703,1,0
2011-05-03 12:00:00,2011-05-03 12:00:00,70.12096774193549,1,12
2011-05-03 16:00:00,2011-05-03 16:00:00,112.73026315789474,1,16
2011-05-03 20:00:00,2011-05-03 20:00:00,192.99324324324326,1,20
2011-05-04 00:00:00,2011-05-04 00:00:00,85.83108108108108,2,0
2011-05-04 04:00:00,2011-05-04 04:00:00,9.710526315789474,2,4
2011-05-04 08:00:00,2011-05-04 08:00:00,16.50735294117647,2,8
2011-05-04 12:00:00,2011-05-04 12:00:00,58.28333333333333,2,12
2011-05-04 16:00:00,2011-05-04 16:00:00,87.15,2,16
2011-05-04 20:00:00,2011-05-04 20:00:00,172.26973684210526,2,20
2011-05-05 00:00:00,2011-05-05 00:00:00,81.80128205128206,3,0
2011-05-05 04:00:00,2011-05-05 04:00:00,10.987179487179487,3,4
2011-05-05 08:00:00,2011-05-05 08:00:00,15.889705882352942,3,8
2011-05-05 12:00:00,2011-05-05 12:00:00,72.18382352941177,3,12
2011-05-05 16:00:00,2011-05-05 16:00:00,114.32236842105263,3,16
2011-05-05 20:00:00,2011-05-05 20:00:00,190.44078947368422,3,20
2011-05-06 00:00:00,2011-05-06 00:00:00,91.92105263157895,4,0
2011-05-06 04:00:00,2011-05-06 04:00:00,15.19078947368421,4,4
2011-05-06 08:00:00,2011-05-06 08:00:00,15.348484848484848,4,8
2011-05-06 12:00:00,2011-05-06 12:00:00,67.34677419354838,4,12
2011-05-06 16:00:00,2011-05-06 16:00:00,118.47142857142858,4,16
2011-05-06 20:00:00,2011-05-06 20:00:00,170.47916666666666,4,20
2011-05-07 00:00:00,2011-05-07 00:00:00,74.84210526315789,5,0
2011-05-07 04:00:00,2011-05-07 04:00:00,17.05921052631579,5,4
2011-05-07 08:00:00,2011-05-07 08:00:00,7.0,5,8
2011-05-07 12:00:00,2011-05-07 12:00:00,34.4375,5,12
2011-05-07 16:00:00,2011-05-07 16:00:00,75.4391891891892,5,16
2011-05-07 20:00:00,2011-05-07 20:00:00,92.13513513513513,5,20
2011-05-08 00:00:00,2011-05-08 00:00:00,56.1328125,6,0
2011-05-08 04:00:00,2011-05-08 04:00:00,17.1484375,6,4
2011-05-08 08:00:00,2011-05-08 08:00:00,6.913793103448276,6,8
2011-05-08 12:00:00,2011-05-08 12:00:00,31.066666666666666,6,12
2011-05-08 16:00:00,2011-05-08 16:00:00,55.6578947368421,6,16
2011-05-08 20:00:00,2011-05-08 20:00:00,80.11842105263158,6,20
2011-05-09 00:00:00,2011-05-09 00:00:00,37.3421052631579,0,0
2011-05-09 04:00:00,2011-05-09 04:00:00,5.736486486486487,0,4
2011-05-09 08:00:00,2011-05-09 08:00:00,13.8203125,0,8
2011-05-09 12:00:00,2011-05-09 12:00:00,57.604838709677416,0,12
2011-05-09 16:00:00,2011-05-09 16:00:00,101.74324324324324,0,16
2011-05-09 20:00:00,2011-05-09 20:00:00,176.76351351351352,0,20
2011-05-10 00:00:00,2011-05-10 00:00:00,73.29054054054055,1,0
2011-05-10 12:00:00,2011-05-10 12:00:00,67.46527777777777,1,12
2011-05-10 16:00:00,2011-05-10 16:00:00,125.75,1,16
2011-05-10 20:00:00,2011-05-10 20:00:00,220.125,1,20
2011-05-11 00:00:00,2011-05-11 00:00:00,85.78378378378379,2,0
2011-05-11 12:00:00,2011-05-11 12:00:00,69.375,2,12
2011-05-11 16:00:00,2011-05-11 16:00:00,111.10416666666667,2,16
2011-05-11 20:00:00,2011-05-11 20:00:00,197.82638888888889,2,20
2011-05-12 00:00:00,2011-05-12 00:00:00,88.84722222222223,3,0
2011-05-12 04:00:00,2011-05-12 04:00:00,10.98611111111111,3,4
2011-05-12 08:00:00,2011-05-12 08:00:00,15.734375,3,8
2011-05-12 12:00:00,2011-05-12 12:00:00,69.375,3,12
2011-05-12 16:00:00,2011-05-12 16:00:00,114.08108108108108,3,16
2011-05-12 20:00:00,2011-05-12 20:00:00,199.3581081081081,3,20
2011-05-13 00:00:00,2011-05-13 00:00:00,89.32432432432432,4,0
2011-05-13 04:00:00,2011-05-13 04:00:00,11.533783783783784,4,4
2011-05-13 08:00:00,2011-05-13 08:00:00,15.4140625,4,8
2011-05-13 12:00:00,2011-05-13 12:00:00,65.12121212121212,4,12
2011-05-13 16:00:00,2011-05-13 16:00:00,107.52702702702703,4,16
2011-05-13 20:00:00,2011-05-13 20:00:00,163.92361111111111,4,20
2011-05-14 00:00:00,2011-05-14 00:00:00,69.40277777777777,5,0
2011-05-14 04:00:00,2011-05-14 04:00:00,18.32,5,4
2011-05-14 08:00:00,2011-05-14 08:00:00,7.97,5,8
2011-05-14 12:00:00,2011-05-14 12:00:00,39.932432432432435,5,12
2011-05-14 16:00:00,2011-05-14 16:00:00,58.63793103448276,5,16
2011-05-14 20:00:00,2011-05-14 20:00:00,80.00833333333334,5,20
2011-05-15 00:00:00,2011-05-15 00:00:00,51.4264705882353,6,0
2011-05-15 04:00:00,2011-05-15 04:00:00,15.276315789473685,6,4
2011-05-15 08:00:00,2011-05-15 08:00:00,5.578947368421052,6,8
2011-05-15 12:00:00,2011-05-15 12:00:00,24.006410256410255,6,12
2011-05-15 16:00:00,2011-05-15 16:00:00,69.57692307692308,6,16
2011-05-15 20:00:00,2011-05-15 20:00:00,85.61538461538461,6,20
2011-05-16 00:00:00,2011-05-16 00:00:00,36.42948717948718,0,0
2011-05-16 04:00:00,2011-05-16 04:00:00,6.762820512820513,0,4
2011-05-16 08:00:00,2011-05-16 08:00:00,16.294117647058822,0,8
2011-05-16 12:00:00,2011-05-16 12:00:00,71.02941176470588,0,12
2011-05-16 16:00:00,2011-05-16 16:00:00,108.9765625,0,16
2011-05-16 20:00:00,2011-05-16 20:00:00,185.66129032258064,0,20
2011-05-17 00:00:00,2011-05-17 00:00:00,82.98076923076923,1,0
2011-05-17 04:00:00,2011-05-17 04:00:00,10.905172413793103,1,4
2011-05-17 08:00:00,2011-05-17 08:00:00,19.482758620689655,1,8
2011-05-17 12:00:00,2011-05-17 12:00:00,71.12068965517241,1,12
2011-05-17 16:00:00,2011-05-17 16:00:00,116.75,1,16
2011-05-17 20:00:00,2011-05-17 20:00:00,196.43939393939394,1,20
2011-05-18 00:00:00,2011-05-18 00:00:00,88.04285714285714,2,0
2011-05-18 12:00:00,2011-05-18 12:00:00,71.53125,2,12
2011-05-18 16:00:00,2011-05-18 16:00:00,117.3203125,2,16
2011-05-18 20:00:00,2011-05-18 20:00:00,199.609375,2,20
2011-05-19 00:00:00,2011-05-19 00:00:00,81.19285714285714,3,0
2011-05-19 04:00:00,2011-05-19 04:00:00,298.64102564102564,3,4
2011-05-19 12:00:00,2011-05-19 12:00:00,70.95,3,12
2011-05-19 16:00:00,2011-05-19 16:00:00,102.5530303030303,3,16
2011-05-19 20:00:00,2011-05-19 20:00:00,163.27702702702703,3,20
2011-05-20 00:00:00,2011-05-20 00:00:00,78.12837837837837,4,0
2011-05-20 12:00:00,2011-05-20 12:00:00,70.31428571428572,4,12
2011-05-20 16:00:00,2011-05-20 16:00:00,117.0,4,16
2011-05-20 20:00:00,2011-05-20 20:00:00,165.1283783783784,4,20
2011-05-21 00:00:00,2011-05-21 00:00:00,72.88513513513513,5,0
2011-05-21 04:00:00,2011-05-21 04:00:00,15.425675675675675,5,4
2011-05-21 08:00:00,2011-05-21 08:00:00,8.172413793103448,5,8
2011-05-21 12:00:00,2011-05-21 12:00:00,38.65,5,12
2011-05-21 16:00:00,2011-05-21 16:00:00,71.64473684210526,5,16
2011-05-21 20:00:00,2011-05-21 20:00:00,99.40789473684211,5,20
2011-05-22 00:00:00,2011-05-22 00:00:00,57.55263157894737,6,0
2011-05-22 04:00:00,2011-05-22 04:00:00,14.473684210526315,6,4
2011-05-22 08:00:00,2011-05-22 08:00:00,6.386363636363637,6,8
2011-05-22 12:00:00,2011-05-22 12:00:00,29.433823529411764,6,12
2011-05-22 16:00:00,2011-05-22 16:00:00,59.375,6,16
2011-05-22 20:00:00,2011-05-22 20:00:00,77.83108108108108,6,20
2011-05-23 00:00:00,2011-05-23 00:00:00,37.92567567567568,0,0
2011-05-23 04:00:00,2011-05-23 04:00:00,6.155405405405405,0,4
2011-05-23 08:00:00,2011-05-23 08:00:00,15.419117647058824,0,8
2011-05-23 12:00:00,2011-05-23 12:00:00,66.77142857142857,0,12
2011-05-23 16:00:00,2011-05-23 16:00:00,111.67142857142858,0,16
2011-05-23 20:00:00,2011-05-23 20:00:00,184.52142857142857,0,20
2011-05-24 00:00:00,2011-05-24 00:00:00,72.38194444444444,1,0
2011-05-24 12:00:00,2011-05-24 12:00:00,67.91935483870968,1,12
2011-05-24 16:00:00,2011-05-24 16:00:00,103.47297297297297,1,16
2011-05-24 20:00:00,2011-05-24 20:00:00,187.9189189189189,1,20
2011-05-25 00:00:00,2011-05-25 00:00:00,83.86486486486487,2,0
2011-05-25 04:00:00,2011-05-25 04:00:00,10.885135135135135,2,4
2011-05-25 08:00:00,2011-05-25 08:00:00,16.390625,2,8
2011-05-25 12:00:00,2011-05-25 12:00:00,74.375,2,12
2011-05-25 16:00:00,2011-05-25 16:00:00,107.62162162162163,2,16
2011-05-25 20:00:00,2011-05-25 20:00:00,189.36486486486487,2,20
2011-05-26 00:00:00,2011-05-26 00:00:00,79.91891891891892,3,0
2011-05-26 04:00:00,2011-05-26 04:00:00,12.083333333333334,3,4
2011-05-26 08:00:00,2011-05-26 08:00:00,16.1953125,3,8
2011-05-26 12:00:00,2011-05-26 12:00:00,73.81451612903226,3,12
2011-05-26 16:00:00,2011-05-26 16:00:00,113.76428571428572,3,16
2011-05-26 20:00:00,2011-05-26 20:00:00,181.3783783783784,3,20
2011-05-27 00:00:00,2011-05-27 00:00:00,78.8445945945946,4,0
2011-05-27 04:00:00,2011-05-27 04:00:00,13.074324324324325,4,4
2011-05-27 08:00:00,2011-05-27 08:00:00,14.006756756756756,4,8
2011-05-27 12:00:00,2011-05-27 12:00:00,60.67763157894737,4,12
2011-05-27 16:00:00,2011-05-27 16:00:00,121.41666666666667,4,16
2011-05-27 20:00:00,2011-05-27 20:00:00,141.59848484848484,4,20
2011-05-28 00:00:00,2011-05-28 00:00:00,64.17647058823529,5,0
2011-05-28 04:00:00,2011-05-28 04:00:00,16.23076923076923,5,4
2011-05-28 08:00:00,2011-05-28 08:00:00,7.037878787878788,5,8
2011-05-28 12:00:00,2011-05-28 12:00:00,29.901515151515152,5,12
2011-05-28 16:00:00,2011-05-28 16:00:00,56.4078947368421,5,16
2011-05-28 20:00:00,2011-05-28 20:00:00,82.76973684210526,5,20
2011-05-29 00:00:00,2011-05-29 00:00:00,49.61842105263158,6,0
2011-05-29 04:00:00,2011-05-29 04:00:00,13.782894736842104,6,4
2011-05-29 08:00:00,2011-05-29 08:00:00,5.75,6,8
2011-05-29 12:00:00,2011-05-29 12:00:00,28.37878787878788,6,12
2011-05-29 16:00:00,2011-05-29 16:00:00,55.31060606060606,6,16
2011-05-29 20:00:00,2011-05-29 20:00:00,86.01515151515152,6,20
2011-05-30 00:00:00,2011-05-30 00:00:00,49.28787878787879,0,0
2011-05-30 04:00:00,2011-05-30 04:00:00,9.68421052631579,0,4
2011-05-30 08:00:00,2011-05-30 08:00:00,5.114285714285714,0,8
2011-05-30 12:00:00,2011-05-30 12:00:00,23.07857142857143,0,12
2011-05-30 16:00:00,2011-05-30 16:00:00,50.567567567567565,0,16
2011-05-30 20:00:00,2011-05-30 20:00:00,73.47972972972973,0,20
2011-05-31 00:00:00,2011-05-31 00:00:00,43.189189189189186,1,0
2011-05-31 12:00:00,2011-05-31 12:00:00,61.296875,1,12
2011-05-31 16:00:00,2011-05-31 16:00:00,96.33108108108108,1,16
2011-05-31 20:00:00,2011-05-31 20:00:00,171.75,1,20
2011-06-01 00:00:00,2011-06-01 00:00:00,71.36842105263158,2,0
2011-06-01 04:00:00,2011-06-01 04:00:00,10.210526315789474,2,4
2011-06-01 08:00:00,2011-06-01 08:00:00,16.90909090909091,2,8
2011-06-01 12:00:00,2011-06-01 12:00:00,66.2734375,2,12
2011-06-01 16:00:00,2011-06-01 16:00:00,100.97297297297297,2,16
2011-06-01 20:00:00,2011-06-01 20:00:00,180.27702702702703,2,20
2011-06-02 00:00:00,2011-06-02 00:00:00,73.29729729729729,3,0
2011-06-02 04:00:00,2011-06-02 04:00:00,10.131578947368421,3,4
2011-06-02 08:00:00,2011-06-02 08:00:00,15.743055555555555,3,8
2011-06-02 12:00:00,2011-06-02 12:00:00,46.01923076923077,3,12
2011-06-02 16:00:00,2011-06-02 16:00:00,76.65517241379311,3,16
2011-06-02 20:00:00,2011-06-02 20:00:00,152.8409090909091,3,20
2011-06-03 00:00:00,2011-06-03 00:00:00,73.46428571428571,4,0
2011-06-03 04:00:00,2011-06-03 04:00:00,11.588235294117647,4,4
2011-06-03 08:00:00,2011-06-03 08:00:00,15.975,4,8
2011-06-03 12:00:00,2011-06-03 12:00:00,63.03125,4,12
2011-06-03 16:00:00,2011-06-03 16:00:00,102.0608108108108,4,16
2011-06-03 20:00:00,2011-06-03 20:00:00,159.20945945945945,4,20
2011-06-04 00:00:00,2011-06-04 00:00:00,70.35810810810811,5,0
2011-06-04 04:00:00,2011-06-04 04:00:00,15.848684210526315,5,4
2011-06-04 08:00:00,2011-06-04 08:00:00,7.393939393939394,5,8
2011-06-04 12:00:00,2011-06-04 12:00:00,34.04807692307692,5,12
2011-06-04 16:00:00,2011-06-04 16:00:00,60.93103448275862,5,16
2011-06-04 20:00:00,2011-06-04 20:00:00,89.15151515151516,5,20
2011-06-05 00:00:00,2011-06-05 00:00:00,52.964285714285715,6,0
2011-06-05 04:00:00,2011-06-05 04:00:00,15.722972972972974,6,4
2011-06-05 08:00:00,2011-06-05 08:00:00,6.424242424242424,6,8
2011-06-05 12:00:00,2011-06-05 12:00:00,28.606060606060606,6,12
2011-06-05 16:00:00,2011-06-05 16:00:00,60.3125,6,16
2011-06-05 20:00:00,2011-06-05 20:00:00,79.10135135135135,6,20
2011-06-06 00:00:00,2011-06-06 00:00:00,38.74324324324324,0,0
2011-06-06 04:00:00,2011-06-06 04:00:00,6.79054054054054,0,4
2011-06-06 08:00:00,2011-06-06 08:00:00,15.328125,0,8
2011-06-06 12:00:00,2011-06-06 12:00:00,57.1484375,0,12
2011-06-06 16:00:00,2011-06-06 16:00:00,97.45945945945945,0,16
2011-06-06 20:00:00,2011-06-06 20:00:00,173.8716216216216,0,20
2011-06-07 00:00:00,2011-06-07 00:00:00,72.58108108108108,1,0
2011-06-07 12:00:00,2011-06-07 12:00:00,67.2578125,1,12
2011-06-07 16:00:00,2011-06-07 16:00:00,115.84166666666667,1,16
2011-06-07 20:00:00,2011-06-07 20:00:00,208.68333333333334,1,20
2011-06-08 00:00:00,2011-06-08 00:00:00,92.15833333333333,2,0
2011-06-08 04:00:00,2011-06-08 04:00:00,13.137931034482758,2,4
2011-06-08 08:00:00,2011-06-08 08:00:00,18.233333333333334,2,8
2011-06-08 12:00:00,2011-06-08 12:00:00,66.4140625,2,12
2011-06-08 16:00:00,2011-06-08 16:00:00,102.04605263157895,2,16
2011-06-08 20:00:00,2011-06-08 20:00:00,175.92567567567568,2,20
2011-06-09 00:00:00,2011-06-09 00:00:00,77.83783783783784,3,0
2011-06-09 12:00:00,2011-06-09 12:00:00,65.56944444444444,3,12
2011-06-09 16:00:00,2011-06-09 16:00:00,91.61428571428571,3,16
2011-06-09 20:00:00,2011-06-09 20:00:00,162.94594594594594,3,20
2011-06-10 00:00:00,2011-06-10 00:00:00,74.17763157894737,4,0
2011-06-10 04:00:00,2011-06-10 04:00:00,11.33108108108108,4,4
2011-06-10 08:00:00,2011-06-10 08:00:00,15.274193548387096,4,8
2011-06-10 12:00:00,2011-06-10 12:00:00,61.67741935483871,4,12
2011-06-10 16:00:00,2011-06-10 16:00:00,104.06756756756756,4,16
2011-06-10 20:00:00,2011-06-10 20:00:00,155.07894736842104,4,20
2011-06-11 00:00:00,2011-06-11 00:00:00,69.24342105263158,5,0
2011-06-11 04:00:00,2011-06-11 04:00:00,16.888157894736842,5,4
2011-06-11 08:00:00,2011-06-11 08:00:00,6.75,5,8
2011-06-11 12:00:00,2011-06-11 12:00:00,39.74242424242424,5,12
2011-06-11 16:00:00,2011-06-11 16:00:00,69.40972222222223,5,16
2011-06-11 20:00:00,2011-06-11 20:00:00,76.39583333333333,5,20
2011-06-12 00:00:00,2011-06-12 00:00:00,47.25,6,0
2011-06-12 04:00:00,2011-06-12 04:00:00,14.118421052631579,6,4
2011-06-12 08:00:00,2011-06-12 08:00:00,5.785714285714286,6,8
2011-06-12 12:00:00,2011-06-12 12:00:00,27.685714285714287,6,12
2011-06-12 16:00:00,2011-06-12 16:00:00,58.88513513513514,6,16
2011-06-12 20:00:00,2011-06-12 20:00:00,81.57236842105263,6,20
2011-06-13 00:00:00,2011-06-13 00:00:00,34.73684210526316,0,0
2011-06-13 04:00:00,2011-06-13 04:00:00,6.802631578947368,0,4
2011-06-13 08:00:00,2011-06-13 08:00:00,15.421875,0,8
2011-06-13 12:00:00,2011-06-13 12:00:00,60.3671875,0,12
2011-06-13 16:00:00,2011-06-13 16:00:00,94.63157894736842,0,16
2011-06-13 20:00:00,2011-06-13 20:00:00,174.01973684210526,0,20
2011-06-14 00:00:00,2011-06-14 00:00:00,65.05263157894737,1,0
2011-06-14 12:00:00,2011-06-14 12:00:00,65.75735294117646,1,12
2011-06-14 16:00:00,2011-06-14 16:00:00,101.27631578947368,1,16
2011-06-14 20:00:00,2011-06-14 20:00:00,176.28947368421052,1,20
2011-06-15 00:00:00,2011-06-15 00:00:00,70.59210526315789,2,0
2011-06-15 12:00:00,2011-06-15 12:00:00,66.78571428571429,2,12
2011-06-15 16:00:00,2011-06-15 16:00:00,99.03947368421052,2,16
2011-06-15 20:00:00,2011-06-15 20:00:00,179.4671052631579,2,20
2011-06-16 00:00:00,2011-06-16 00:00:00,81.8445945945946,3,0
2011-06-16 04:00:00,2011-06-16 04:00:00,10.858108108108109,3,4
2011-06-16 08:00:00,2011-06-16 08:00:00,15.137931034482758,3,8
2011-06-16 12:00:00,2011-06-16 12:00:00,67.62931034482759,3,12
2011-06-16 16:00:00,2011-06-16 16:00:00,102.30263157894737,3,16
2011-06-16 20:00:00,2011-06-16 20:00:00,171.07236842105263,3,20
2011-06-17 00:00:00,2011-06-17 00:00:00,84.1891891891892,4,0
2011-06-17 04:00:00,2011-06-17 04:00:00,11.966216216216216,4,4
2011-06-17 08:00:00,2011-06-17 08:00:00,14.328125,4,8
2011-06-17 12:00:00,2011-06-17 12:00:00,59.37096774193548,4,12
2011-06-17 16:00:00,2011-06-17 16:00:00,107.71875,4,16
2011-06-17 20:00:00,2011-06-17 20:00:00,150.15625,4,20
2011-06-18 00:00:00,2011-06-18 00:00:00,65.22857142857143,5,0
2011-06-18 04:00:00,2011-06-18 04:00:00,17.95945945945946,5,4
2011-06-18 08:00:00,2011-06-18 08:00:00,7.671875,5,8
2011-06-18 12:00:00,2011-06-18 12:00:00,33.1953125,5,12
2011-06-18 16:00:00,2011-06-18 16:00:00,66.16447368421052,5,16
2011-06-18 20:00:00,2011-06-18 20:00:00,89.15789473684211,5,20
2011-06-19 00:00:00,2011-06-19 00:00:00,54.58108108108108,6,0
2011-06-19 04:00:00,2011-06-19 04:00:00,18.29054054054054,6,4
2011-06-19 08:00:00,2011-06-19 08:00:00,6.7890625,6,8
2011-06-19 12:00:00,2011-06-19 12:00:00,31.10483870967742,6,12
2011-06-19 16:00:00,2011-06-19 16:00:00,50.722972972972975,6,16
2011-06-19 20:00:00,2011-06-19 20:00:00,77.8092105263158,6,20
2011-06-20 00:00:00,2011-06-20 00:00:00,40.88513513513514,0,0
2011-06-20 12:00:00,2011-06-20 12:00:00,43.875,0,12
2011-06-20 16:00:00,2011-06-20 16:00:00,56.101851851851855,0,16
2011-06-20 20:00:00,2011-06-20 20:00:00,112.14655172413794,0,20
2011-06-21 00:00:00,2011-06-21 00:00:00,57.640625,1,0
2011-06-21 04:00:00,2011-06-21 04:00:00,7.455882352941177,1,4
2011-06-21 08:00:00,2011-06-21 08:00:00,14.789473684210526,1,8
2011-06-21 12:00:00,2011-06-21 12:00:00,63.601351351351354,1,12
2011-06-21 16:00:00,2011-06-21 16:00:00,94.25,1,16
2011-06-21 20:00:00,2011-06-21 20:00:00,171.33552631578948,1,20
2011-06-22 00:00:00,2011-06-22 00:00:00,72.53947368421052,2,0
2011-06-22 04:00:00,2011-06-22 04:00:00,10.078947368421053,2,4
2011-06-22 08:00:00,2011-06-22 08:00:00,15.235294117647058,2,8
2011-06-22 12:00:00,2011-06-22 12:00:00,67.55147058823529,2,12
2011-06-22 16:00:00,2011-06-22 16:00:00,81.52083333333333,2,16
2011-06-22 20:00:00,2011-06-22 20:00:00,157.84285714285716,2,20
2011-06-23 00:00:00,2011-06-23 00:00:00,70.0,3,0
2011-06-23 04:00:00,2011-06-23 04:00:00,12.333333333333334,3,4
2011-06-23 08:00:00,2011-06-23 08:00:00,15.791666666666666,3,8
2011-06-23 12:00:00,2011-06-23 12:00:00,75.08064516129032,3,12
2011-06-23 16:00:00,2011-06-23 16:00:00,101.51470588235294,3,16
2011-06-23 20:00:00,2011-06-23 20:00:00,173.6060606060606,3,20
2011-06-24 00:00:00,2011-06-24 00:00:00,78.75735294117646,4,0
2011-06-24 04:00:00,2011-06-24 04:00:00,13.222972972972974,4,4
2011-06-24 08:00:00,2011-06-24 08:00:00,14.870689655172415,4,8
2011-06-24 12:00:00,2011-06-24 12:00:00,67.32758620689656,4,12
2011-06-24 16:00:00,2011-06-24 16:00:00,92.5657894736842,4,16
2011-06-24 20:00:00,2011-06-24 20:00:00,151.2171052631579,4,20
2011-06-25 00:00:00,2011-06-25 00:00:00,64.92763157894737,5,0
2011-06-25 04:00:00,2011-06-25 04:00:00,17.07894736842105,5,4
2011-06-25 08:00:00,2011-06-25 08:00:00,7.610294117647059,5,8
2011-06-25 12:00:00,2011-06-25 12:00:00,34.01470588235294,5,12
2011-06-25 16:00:00,2011-06-25 16:00:00,62.51315789473684,5,16
2011-06-25 20:00:00,2011-06-25 20:00:00,85.9342105263158,5,20
2011-06-26 00:00:00,2011-06-26 00:00:00,55.171052631578945,6,0
2011-06-26 04:00:00,2011-06-26 04:00:00,16.355263157894736,6,4
2011-06-26 08:00:00,2011-06-26 08:00:00,7.375,6,8
2011-06-26 12:00:00,2011-06-26 12:00:00,34.327586206896555,6,12
2011-06-26 16:00:00,2011-06-26 16:00:00,61.37162162162162,6,16
2011-06-26 20:00:00,2011-06-26 20:00:00,78.11842105263158,6,20
2011-06-27 00:00:00,2011-06-27 00:00:00,40.64473684210526,0,0
2011-06-27 12:00:00,2011-06-27 12:00:00,60.23571428571429,0,12
2011-06-27 16:00:00,2011-06-27 16:00:00,83.875,0,16
2011-06-27 20:00:00,2011-06-27 20:00:00,163.30263157894737,0,20
2011-06-28 00:00:00,2011-06-28 00:00:00,69.66447368421052,1,0
2011-06-28 12:00:00,2011-06-28 12:00:00,71.60416666666667,1,12
2011-06-28 16:00:00,2011-06-28 16:00:00,94.40789473684211,1,16
2011-06-28 20:00:00,2011-06-28 20:00:00,172.8815789473684,1,20
2011-06-29 00:00:00,2011-06-29 00:00:00,78.80263157894737,2,0
2011-06-29 04:00:00,2011-06-29 04:00:00,11.835526315789474,2,4
2011-06-29 08:00:00,2011-06-29 08:00:00,15.208333333333334,2,8
2011-06-29 12:00:00,2011-06-29 12:00:00,70.81481481481481,2,12
2011-06-29 16:00:00,2011-06-29 16:00:00,94.49193548387096,2,16
2011-06-29 20:00:00,2011-06-29 20:00:00,185.39705882352942,2,20
2011-06-30 00:00:00,2011-06-30 00:00:00,82.01973684210526,3,0
2011-06-30 04:00:00,2011-06-30 04:00:00,11.68421052631579,3,4
2011-06-30 08:00:00,2011-06-30 08:00:00,14.647058823529411,3,8
2011-06-30 12:00:00,2011-06-30 12:00:00,67.51515151515152,3,12
2011-06-30 16:00:00,2011-06-30 16:00:00,98.88571428571429,3,16
2011-06-30 20:00:00,2011-06-30 20:00:00,177.3,3,20
2011-07-01 00:00:00,2011-07-01 00:00:00,75.30405405405405,4,0
2011-07-01 04:00:00,2011-07-01 04:00:00,12.91891891891892,4,4
2011-07-01 08:00:00,2011-07-01 08:00:00,13.40625,4,8
2011-07-01 12:00:00,2011-07-01 12:00:00,61.328125,4,12
2011-07-01 16:00:00,2011-07-01 16:00:00,109.83823529411765,4,16
2011-07-01 20:00:00,2011-07-01 20:00:00,127.51470588235294,4,20
2012-04-28 04:00:00,2012-04-28 04:00:00,13.39102564102564,5,4
2012-04-28 08:00:00,2012-04-28 08:00:00,6.365384615384615,5,8
2012-04-28 12:00:00,2012-04-28 12:00:00,34.69230769230769,5,12
2012-04-28 16:00:00,2012-04-28 16:00:00,77.17307692307692,5,16
2012-04-28 20:00:00,2012-04-28 20:00:00,91.24358974358974,5,20
2012-04-29 00:00:00,2012-04-29 00:00:00,56.17948717948718,6,0
2012-04-29 04:00:00,2012-04-29 04:00:00,14.987179487179487,6,4
2012-04-29 08:00:00,2012-04-29 08:00:00,5.576923076923077,6,8
2012-04-29 12:00:00,2012-04-29 12:00:00,35.88461538461539,6,12
2012-04-29 16:00:00,2012-04-29 16:00:00,61.80263157894737,6,16
2012-04-29 20:00:00,2012-04-29 20:00:00,83.15131578947368,6,20
2012-04-30 00:00:00,2012-04-30 00:00:00,39.86538461538461,0,0
2012-04-30 04:00:00,2012-04-30 04:00:00,5.737179487179487,0,4
2012-04-30 08:00:00,2012-04-30 08:00:00,14.416666666666666,0,8
2012-04-30 12:00:00,2012-04-30 12:00:00,68.4407894736842,0,12
2012-04-30 16:00:00,2012-04-30 16:00:00,109.01973684210526,0,16
2012-04-30 20:00:00,2012-04-30 20:00:00,189.75,0,20
2012-05-01 00:00:00,2012-05-01 00:00:00,79.08974358974359,1,0
2012-05-01 04:00:00,2012-05-01 04:00:00,8.73076923076923,1,4
2012-05-01 08:00:00,2012-05-01 08:00:00,14.73076923076923,1,8
2012-05-01 12:00:00,2012-05-01 12:00:00,65.67307692307692,1,12
2012-05-01 16:00:00,2012-05-01 16:00:00,106.91025641025641,1,16
2012-05-01 20:00:00,2012-05-01 20:00:00,188.67948717948718,1,20
2012-05-02 00:00:00,2012-05-02 00:00:00,88.40384615384616,2,0
2012-05-02 04:00:00,2012-05-02 04:00:00,9.525641025641026,2,4
2012-05-02 08:00:00,2012-05-02 08:00:00,14.878205128205128,2,8
2012-05-02 12:00:00,2012-05-02 12:00:00,69.58974358974359,2,12
2012-05-02 16:00:00,2012-05-02 16:00:00,112.75641025641026,2,16
2012-05-02 20:00:00,2012-05-02 20:00:00,193.27564102564102,2,20
2012-05-03 00:00:00,2012-05-03 00:00:00,84.07051282051282,3,0
2012-05-03 04:00:00,2012-05-03 04:00:00,9.5,3,4
2012-05-03 08:00:00,2012-05-03 08:00:00,14.85897435897436,3,8
2012-05-03 12:00:00,2012-05-03 12:00:00,66.53846153846153,3,12
2012-05-03 16:00:00,2012-05-03 16:00:00,112.0448717948718,3,16
2012-05-03 20:00:00,2012-05-03 20:00:00,192.47435897435898,3,20
2012-05-04 00:00:00,2012-05-04 00:00:00,89.07051282051282,4,0
2012-05-04 04:00:00,2012-05-04 04:00:00,11.814102564102564,4,4
2012-05-04 08:00:00,2012-05-04 08:00:00,13.788461538461538,4,8
2012-05-04 12:00:00,2012-05-04 12:00:00,63.30769230769231,4,12
2012-05-04 16:00:00,2012-05-04 16:00:00,108.87179487179488,4,16
2012-05-04 20:00:00,2012-05-04 20:00:00,169.64743589743588,4,20
2012-05-05 00:00:00,2012-05-05 00:00:00,75.90384615384616,5,0
2012-05-05 04:00:00,2012-05-05 04:00:00,16.46794871794872,5,4
2012-05-05 08:00:00,2012-05-05 08:00:00,6.82051282051282,5,8
2012-05-05 12:00:00,2012-05-05 12:00:00,36.28846153846154,5,12
2012-05-05 16:00:00,2012-05-05 16:00:00,72.85897435897436,5,16
2012-05-05 20:00:00,2012-05-05 20:00:00,86.67307692307692,5,20
2012-05-06 00:00:00,2012-05-06 00:00:00,53.35897435897436,6,0
2012-05-06 04:00:00,2012-05-06 04:00:00,15.314102564102564,6,4
2012-05-06 08:00:00,2012-05-06 08:00:00,5.839743589743589,6,8
2012-05-06 12:00:00,2012-05-06 12:00:00,27.46153846153846,6,12
2012-05-06 16:00:00,2012-05-06 16:00:00,58.93421052631579,6,16
2012-05-06 20:00:00,2012-05-06 20:00:00,81.5657894736842,6,20
2012-05-07 00:00:00,2012-05-07 00:00:00,37.80769230769231,0,0
2012-05-07 04:00:00,2012-05-07 04:00:00,6.352564102564102,0,4
2012-05-07 08:00:00,2012-05-07 08:00:00,14.115384615384615,0,8
2012-05-07 12:00:00,2012-05-07 12:00:00,63.21153846153846,0,12
2012-05-07 16:00:00,2012-05-07 16:00:00,109.85897435897436,0,16
2012-05-07 20:00:00,2012-05-07 20:00:00,185.96794871794873,0,20
2012-05-08 00:00:00,2012-05-08 00:00:00,79.06410256410257,1,0
2012-05-08 04:00:00,2012-05-08 04:00:00,8.294871794871796,1,4
2012-05-08 08:00:00,2012-05-08 08:00:00,14.756410256410257,1,8
2012-05-08 12:00:00,2012-05-08 12:00:00,65.5,1,12
2012-05-08 16:00:00,2012-05-08 16:00:00,110.16666666666667,1,16
2012-05-08 20:00:00,2012-05-08 20:00:00,190.51923076923077,1,20
2012-05-09 00:00:00,2012-05-09 00:00:00,83.37820512820512,2,0
2012-05-09 04:00:00,2012-05-09 04:00:00,9.448717948717949,2,4
2012-05-09 08:00:00,2012-05-09 08:00:00,14.775641025641026,2,8
2012-05-09 12:00:00,2012-05-09 12:00:00,65.65384615384616,2,12
2012-05-09 16:00:00,2012-05-09 16:00:00,107.02564102564102,2,16
2012-05-09 20:00:00,2012-05-09 20:00:00,189.67948717948718,2,20
2012-05-10 00:00:00,2012-05-10 00:00:00,86.42948717948718,3,0
2012-05-10 04:00:00,2012-05-10 04:00:00,9.929487179487179,3,4
2012-05-10 08:00:00,2012-05-10 08:00:00,14.262820512820513,3,8
2012-05-10 12:00:00,2012-05-10 12:00:00,68.73076923076923,3,12
2012-05-10 16:00:00,2012-05-10 16:00:00,112.28846153846153,3,16
2012-05-10 20:00:00,2012-05-10 20:00:00,193.80769230769232,3,20
2012-05-11 00:00:00,2012-05-11 00:00:00,92.48717948717949,4,0
2012-05-11 04:00:00,2012-05-11 04:00:00,12.628205128205128,4,4
2012-05-11 08:00:00,2012-05-11 08:00:00,13.993589743589743,4,8
2012-05-11 12:00:00,2012-05-11 12:00:00,64.03846153846153,4,12
2012-05-11 16:00:00,2012-05-11 16:00:00,114.07051282051282,4,16
2012-05-11 20:00:00,2012-05-11 20:00:00,174.06410256410257,4,20
2012-05-12 00:00:00,2012-05-12 00:00:00,78.09615384615384,5,0
2012-05-12 04:00:00,2012-05-12 04:00:00,15.775641025641026,5,4
2012-05-12 08:00:00,2012-05-12 08:00:00,6.423076923076923,5,8
2012-05-12 12:00:00,2012-05-12 12:00:00,41.506410256410255,5,12
2012-05-12 16:00:00,2012-05-12 16:00:00,82.28205128205128,5,16
2012-05-12 20:00:00,2012-05-12 20:00:00,109.48717948717949,5,20
2012-05-13 00:00:00,2012-05-13 00:00:00,61.916666666666664,6,0
2012-05-13 04:00:00,2012-05-13 04:00:00,18.358974358974358,6,4
2012-05-13 08:00:00,2012-05-13 08:00:00,5.884615384615385,6,8
2012-05-13 12:00:00,2012-05-13 12:00:00,31.064102564102566,6,12
2012-05-13 16:00:00,2012-05-13 16:00:00,61.82051282051282,6,16
2012-05-13 20:00:00,2012-05-13 20:00:00,90.3076923076923,6,20
2012-05-14 00:00:00,2012-05-14 00:00:00,43.48717948717949,0,0
2012-05-14 04:00:00,2012-05-14 04:00:00,7.75,0,4
2012-05-14 08:00:00,2012-05-14 08:00:00,13.794871794871796,0,8
2012-05-14 12:00:00,2012-05-14 12:00:00,65.2051282051282,0,12
2012-05-14 16:00:00,2012-05-14 16:00:00,114.73717948717949,0,16
2012-05-14 20:00:00,2012-05-14 20:00:00,188.69871794871796,0,20
2012-05-15 00:00:00,2012-05-15 00:00:00,74.96794871794872,1,0
2012-05-15 04:00:00,2012-05-15 04:00:00,11.025641025641026,1,4
2012-05-15 08:00:00,2012-05-15 08:00:00,15.35897435897436,1,8
2012-05-15 12:00:00,2012-05-15 12:00:00,68.01923076923077,1,12
2012-05-15 16:00:00,2012-05-15 16:00:00,111.51923076923077,1,16
2012-05-15 20:00:00,2012-05-15 20:00:00,188.77564102564102,1,20
2012-05-16 00:00:00,2012-05-16 00:00:00,84.5576923076923,2,0
2012-05-16 04:00:00,2012-05-16 04:00:00,11.224358974358974,2,4
2012-05-16 08:00:00,2012-05-16 08:00:00,14.782051282051283,2,8
2012-05-16 12:00:00,2012-05-16 12:00:00,68.25,2,12
2012-05-16 16:00:00,2012-05-16 16:00:00,102.03205128205128,2,16
2012-05-16 20:00:00,2012-05-16 20:00:00,193.78205128205127,2,20
2012-05-17 00:00:00,2012-05-17 00:00:00,80.1025641025641,3,0
2012-05-17 04:00:00,2012-05-17 04:00:00,13.192307692307692,3,4
2012-05-17 08:00:00,2012-05-17 08:00:00,14.403846153846153,3,8
2012-05-17 12:00:00,2012-05-17 12:00:00,67.78205128205128,3,12
2012-05-17 16:00:00,2012-05-17 16:00:00,114.00641025641026,3,16
2012-05-17 20:00:00,2012-05-17 20:00:00,191.92307692307693,3,20
2012-05-18 00:00:00,2012-05-18 00:00:00,93.33333333333333,4,0
2012-05-18 04:00:00,2012-05-18 04:00:00,14.711538461538462,4,4
2012-05-18 08:00:00,2012-05-18 08:00:00,13.602564102564102,4,8
2012-05-18 12:00:00,2012-05-18 12:00:00,65.16666666666667,4,12
2012-05-18 16:00:00,2012-05-18 16:00:00,116.44871794871794,4,16
2012-05-18 20:00:00,2012-05-18 20:00:00,181.9102564102564,4,20
2012-05-19 00:00:00,2012-05-19 00:00:00,75.0,5,0
2012-05-19 04:00:00,2012-05-19 04:00:00,16.371794871794872,5,4
2012-05-19 08:00:00,2012-05-19 08:00:00,7.602564102564102,5,8
2012-05-19 12:00:00,2012-05-19 12:00:00,39.006410256410255,5,12
2012-05-19 16:00:00,2012-05-19 16:00:00,86.14102564102564,5,16
2012-05-19 20:00:00,2012-05-19 20:00:00,115.4423076923077,5,20
2012-05-20 00:00:00,2012-05-20 00:00:00,62.282051282051285,6,0
2012-05-20 04:00:00,2012-05-20 04:00:00,15.211538461538462,6,4
2012-05-20 08:00:00,2012-05-20 08:00:00,6.416666666666667,6,8
2012-05-20 12:00:00,2012-05-20 12:00:00,33.07692307692308,6,12
2012-05-20 16:00:00,2012-05-20 16:00:00,90.82692307692308,6,16
2012-05-20 20:00:00,2012-05-20 20:00:00,103.18589743589743,6,20
2012-05-21 00:00:00,2012-05-21 00:00:00,43.94871794871795,0,0
2012-05-21 04:00:00,2012-05-21 04:00:00,6.365384615384615,0,4
2012-05-21 08:00:00,2012-05-21 08:00:00,14.134615384615385,0,8
2012-05-21 12:00:00,2012-05-21 12:00:00,71.25,0,12
2012-05-21 16:00:00,2012-05-21 16:00:00,97.62820512820512,0,16
2012-05-21 20:00:00,2012-05-21 20:00:00,174.80769230769232,0,20
2012-05-22 00:00:00,2012-05-22 00:00:00,64.4423076923077,1,0
2012-05-22 04:00:00,2012-05-22 04:00:00,8.35897435897436,1,4
2012-05-22 08:00:00,2012-05-22 08:00:00,14.903846153846153,1,8
2012-05-22 12:00:00,2012-05-22 12:00:00,65.83333333333333,1,12
2012-05-22 16:00:00,2012-05-22 16:00:00,103.8974358974359,1,16
2012-05-22 20:00:00,2012-05-22 20:00:00,178.6346153846154,1,20
2012-05-23 00:00:00,2012-05-23 00:00:00,79.11538461538461,2,0
2012-05-23 04:00:00,2012-05-23 04:00:00,12.679487179487179,2,4
2012-05-23 08:00:00,2012-05-23 08:00:00,15.621794871794872,2,8
2012-05-23 12:00:00,2012-05-23 12:00:00,64.7948717948718,2,12
2012-05-23 16:00:00,2012-05-23 16:00:00,108.72435897435898,2,16
2012-05-23 20:00:00,2012-05-23 20:00:00,187.25,2,20
2012-05-24 00:00:00,2012-05-24 00:00:00,80.60897435897436,3,0
2012-05-24 04:00:00,2012-05-24 04:00:00,13.314102564102564,3,4
2012-05-24 08:00:00,2012-05-24 08:00:00,14.403846153846153,3,8
2012-05-24 12:00:00,2012-05-24 12:00:00,70.66666666666667,3,12
2012-05-24 16:00:00,2012-05-24 16:00:00,112.66666666666667,3,16
2012-05-24 20:00:00,2012-05-24 20:00:00,180.91666666666666,3,20
2012-05-25 00:00:00,2012-05-25 00:00:00,73.88461538461539,4,0
2012-05-25 04:00:00,2012-05-25 04:00:00,11.083333333333334,4,4
2012-05-25 08:00:00,2012-05-25 08:00:00,12.76923076923077,4,8
2012-05-25 12:00:00,2012-05-25 12:00:00,56.94871794871795,4,12
2012-05-25 16:00:00,2012-05-25 16:00:00,119.3974358974359,4,16
2012-05-25 20:00:00,2012-05-25 20:00:00,132.53846153846155,4,20
2012-05-26 00:00:00,2012-05-26 00:00:00,64.30128205128206,5,0
2012-05-26 04:00:00,2012-05-26 04:00:00,15.237179487179487,5,4
2012-05-26 08:00:00,2012-05-26 08:00:00,6.987179487179487,5,8
2012-05-26 12:00:00,2012-05-26 12:00:00,30.66025641025641,5,12
2012-05-26 16:00:00,2012-05-26 16:00:00,64.91025641025641,5,16
2012-05-26 20:00:00,2012-05-26 20:00:00,85.76282051282051,5,20
2012-05-27 00:00:00,2012-05-27 00:00:00,47.8974358974359,6,0
2012-05-27 04:00:00,2012-05-27 04:00:00,13.596153846153847,6,4
2012-05-27 08:00:00,2012-05-27 08:00:00,5.852564102564102,6,8
2012-05-27 12:00:00,2012-05-27 12:00:00,24.756410256410255,6,12
2012-05-27 16:00:00,2012-05-27 16:00:00,54.51923076923077,6,16
2012-05-27 20:00:00,2012-05-27 20:00:00,78.6474358974359,6,20
2012-05-28 00:00:00,2012-05-28 00:00:00,43.756410256410255,0,0
2012-05-28 04:00:00,2012-05-28 04:00:00,9.346153846153847,0,4
2012-05-28 08:00:00,2012-05-28 08:00:00,5.628205128205129,0,8
2012-05-28 12:00:00,2012-05-28 12:00:00,26.53205128205128,0,12
2012-05-28 16:00:00,2012-05-28 16:00:00,57.84615384615385,0,16
2012-05-28 20:00:00,2012-05-28 20:00:00,78.99358974358974,0,20
2012-05-29 00:00:00,2012-05-29 00:00:00,43.41025641025641,1,0
2012-05-29 04:00:00,2012-05-29 04:00:00,7.012820512820513,1,4
2012-05-29 08:00:00,2012-05-29 08:00:00,13.698717948717949,1,8
2012-05-29 12:00:00,2012-05-29 12:00:00,60.84615384615385,1,12
2012-05-29 16:00:00,2012-05-29 16:00:00,102.6025641025641,1,16
2012-05-29 20:00:00,2012-05-29 20:00:00,178.12820512820514,1,20
2012-05-30 00:00:00,2012-05-30 00:00:00,72.0,2,0
2012-05-30 04:00:00,2012-05-30 04:00:00,9.121794871794872,2,4
2012-05-30 08:00:00,2012-05-30 08:00:00,14.903846153846153,2,8
2012-05-30 12:00:00,2012-05-30 12:00:00,61.717948717948715,2,12
2012-05-30 16:00:00,2012-05-30 16:00:00,99.3974358974359,2,16
2012-05-30 20:00:00,2012-05-30 20:00:00,182.98717948717947,2,20
2012-05-31 00:00:00,2012-05-31 00:00:00,76.5576923076923,3,0
2012-05-31 04:00:00,2012-05-31 04:00:00,9.955128205128204,3,4
2012-05-31 08:00:00,2012-05-31 08:00:00,14.826923076923077,3,8
2012-05-31 12:00:00,2012-05-31 12:00:00,64.01282051282051,3,12
2012-05-31 16:00:00,2012-05-31 16:00:00,103.50641025641026,3,16
2012-05-31 20:00:00,2012-05-31 20:00:00,184.80128205128204,3,20
2012-06-01 00:00:00,2012-06-01 00:00:00,80.25,4,0
2012-06-01 04:00:00,2012-06-01 04:00:00,12.307692307692308,4,4
2012-06-01 08:00:00,2012-06-01 08:00:00,14.185897435897436,4,8
2012-06-01 12:00:00,2012-06-01 12:00:00,60.57692307692308,4,12
2012-06-01 16:00:00,2012-06-01 16:00:00,106.03846153846153,4,16
2012-06-01 20:00:00,2012-06-01 20:00:00,159.85256410256412,4,20
2012-06-02 00:00:00,2012-06-02 00:00:00,67.99358974358974,5,0
2012-06-02 04:00:00,2012-06-02 04:00:00,13.397435897435898,5,4
2012-06-02 08:00:00,2012-06-02 08:00:00,6.826923076923077,5,8
2012-06-02 12:00:00,2012-06-02 12:00:00,30.346153846153847,5,12
2012-06-02 16:00:00,2012-06-02 16:00:00,63.916666666666664,5,16
2012-06-02 20:00:00,2012-06-02 20:00:00,88.82692307692308,5,20
2012-06-03 00:00:00,2012-06-03 00:00:00,55.44230769230769,6,0
2012-06-03 04:00:00,2012-06-03 04:00:00,14.788461538461538,6,4
2012-06-03 08:00:00,2012-06-03 08:00:00,5.846153846153846,6,8
2012-06-03 12:00:00,2012-06-03 12:00:00,29.41025641025641,6,12
2012-06-03 16:00:00,2012-06-03 16:00:00,70.72435897435898,6,16
2012-06-03 20:00:00,2012-06-03 20:00:00,76.65384615384616,6,20
2012-06-04 00:00:00,2012-06-04 00:00:00,36.25,0,0
2012-06-04 04:00:00,2012-06-04 04:00:00,5.884615384615385,0,4
2012-06-04 08:00:00,2012-06-04 08:00:00,14.435897435897436,0,8
2012-06-04 12:00:00,2012-06-04 12:00:00,65.46710526315789,0,12
2012-06-04 16:00:00,2012-06-04 16:00:00,102.53289473684211,0,16
2012-06-04 20:00:00,2012-06-04 20:00:00,171.1153846153846,0,20
2012-06-05 00:00:00,2012-06-05 00:00:00,68.76282051282051,1,0
2012-06-05 04:00:00,2012-06-05 04:00:00,7.711538461538462,1,4
2012-06-05 08:00:00,2012-06-05 08:00:00,15.08974358974359,1,8
2012-06-05 12:00:00,2012-06-05 12:00:00,63.243589743589745,1,12
2012-06-05 16:00:00,2012-06-05 16:00:00,106.9423076923077,1,16
2012-06-05 20:00:00,2012-06-05 20:00:00,180.8397435897436,1,20
2012-06-06 00:00:00,2012-06-06 00:00:00,77.8974358974359,2,0
2012-06-06 04:00:00,2012-06-06 04:00:00,10.006410256410257,2,4
2012-06-06 08:00:00,2012-06-06 08:00:00,15.41025641025641,2,8
2012-06-06 12:00:00,2012-06-06 12:00:00,63.96153846153846,2,12
2012-06-06 16:00:00,2012-06-06 16:00:00,103.63461538461539,2,16
2012-06-06 20:00:00,2012-06-06 20:00:00,193.50641025641025,2,20
2012-06-07 00:00:00,2012-06-07 00:00:00,78.34615384615384,3,0
2012-06-07 04:00:00,2012-06-07 04:00:00,10.134615384615385,3,4
2012-06-07 08:00:00,2012-06-07 08:00:00,14.711538461538462,3,8
2012-06-07 12:00:00,2012-06-07 12:00:00,65.03846153846153,3,12
2012-06-07 16:00:00,2012-06-07 16:00:00,106.01282051282051,3,16
2012-06-07 20:00:00,2012-06-07 20:00:00,184.0448717948718,3,20
2012-06-08 00:00:00,2012-06-08 00:00:00,76.58333333333333,4,0
2012-06-08 04:00:00,2012-06-08 04:00:00,12.506410256410257,4,4
2012-06-08 08:00:00,2012-06-08 08:00:00,14.211538461538462,4,8
2012-06-08 12:00:00,2012-06-08 12:00:00,60.38461538461539,4,12
2012-06-08 16:00:00,2012-06-08 16:00:00,109.96794871794872,4,16
2012-06-08 20:00:00,2012-06-08 20:00:00,167.19871794871796,4,20
2012-06-09 00:00:00,2012-06-09 00:00:00,72.17307692307692,5,0
2012-06-09 04:00:00,2012-06-09 04:00:00,17.878205128205128,5,4
2012-06-09 08:00:00,2012-06-09 08:00:00,6.6923076923076925,5,8
2012-06-09 12:00:00,2012-06-09 12:00:00,43.30769230769231,5,12
2012-06-09 16:00:00,2012-06-09 16:00:00,62.967948717948715,5,16
2012-06-09 20:00:00,2012-06-09 20:00:00,86.68589743589743,5,20
2012-06-10 00:00:00,2012-06-10 00:00:00,52.1474358974359,6,0
2012-06-10 04:00:00,2012-06-10 04:00:00,15.846153846153847,6,4
2012-06-10 08:00:00,2012-06-10 08:00:00,5.512820512820513,6,8
2012-06-10 12:00:00,2012-06-10 12:00:00,30.275641025641026,6,12
2012-06-10 16:00:00,2012-06-10 16:00:00,67.41666666666667,6,16
2012-06-10 20:00:00,2012-06-10 20:00:00,94.32692307692308,6,20
2012-06-11 00:00:00,2012-06-11 00:00:00,37.083333333333336,0,0
2012-06-11 04:00:00,2012-06-11 04:00:00,6.833333333333333,0,4
2012-06-11 08:00:00,2012-06-11 08:00:00,14.538461538461538,0,8
2012-06-11 12:00:00,2012-06-11 12:00:00,60.78846153846154,0,12
2012-06-11 16:00:00,2012-06-11 16:00:00,98.88461538461539,0,16
2012-06-11 20:00:00,2012-06-11 20:00:00,177.37179487179486,0,20
2012-06-12 00:00:00,2012-06-12 00:00:00,68.23717948717949,1,0
2012-06-12 04:00:00,2012-06-12 04:00:00,8.967948717948717,1,4
2012-06-12 08:00:00,2012-06-12 08:00:00,14.929487179487179,1,8
2012-06-12 12:00:00,2012-06-12 12:00:00,63.0,1,12
2012-06-12 16:00:00,2012-06-12 16:00:00,103.3076923076923,1,16
2012-06-12 20:00:00,2012-06-12 20:00:00,173.58333333333334,1,20
2012-06-13 00:00:00,2012-06-13 00:00:00,66.64102564102564,2,0
2012-06-13 04:00:00,2012-06-13 04:00:00,8.833333333333334,2,4
2012-06-13 08:00:00,2012-06-13 08:00:00,14.0,2,8
2012-06-13 12:00:00,2012-06-13 12:00:00,64.34615384615384,2,12
2012-06-13 16:00:00,2012-06-13 16:00:00,100.85897435897436,2,16
2012-06-13 20:00:00,2012-06-13 20:00:00,176.67307692307693,2,20
2012-06-14 00:00:00,2012-06-14 00:00:00,76.75657894736842,3,0
2012-06-14 04:00:00,2012-06-14 04:00:00,9.921052631578947,3,4
2012-06-14 08:00:00,2012-06-14 08:00:00,14.532051282051283,3,8
2012-06-14 12:00:00,2012-06-14 12:00:00,65.39102564102564,3,12
2012-06-14 16:00:00,2012-06-14 16:00:00,102.6923076923077,3,16
2012-06-14 20:00:00,2012-06-14 20:00:00,181.34615384615384,3,20
2012-06-15 00:00:00,2012-06-15 00:00:00,84.58974358974359,4,0
2012-06-15 04:00:00,2012-06-15 04:00:00,12.903846153846153,4,4
2012-06-15 08:00:00,2012-06-15 08:00:00,13.679487179487179,4,8
2012-06-15 12:00:00,2012-06-15 12:00:00,61.3525641025641,4,12
2012-06-15 16:00:00,2012-06-15 16:00:00,105.17948717948718,4,16
2012-06-15 20:00:00,2012-06-15 20:00:00,159.69230769230768,4,20
2012-06-16 00:00:00,2012-06-16 00:00:00,70.94871794871794,5,0
2012-06-16 04:00:00,2012-06-16 04:00:00,16.423076923076923,5,4
2012-06-16 08:00:00,2012-06-16 08:00:00,6.5,5,8
2012-06-16 12:00:00,2012-06-16 12:00:00,33.256410256410255,5,12
2012-06-16 16:00:00,2012-06-16 16:00:00,67.96153846153847,5,16
2012-06-16 20:00:00,2012-06-16 20:00:00,98.69871794871794,5,20
2012-06-17 00:00:00,2012-06-17 00:00:00,59.205128205128204,6,0
2012-06-17 04:00:00,2012-06-17 04:00:00,15.243589743589743,6,4
2012-06-17 08:00:00,2012-06-17 08:00:00,5.615384615384615,6,8
2012-06-17 12:00:00,2012-06-17 12:00:00,29.955128205128204,6,12
2012-06-17 16:00:00,2012-06-17 16:00:00,54.78846153846154,6,16
2012-06-17 20:00:00,2012-06-17 20:00:00,75.5,6,20
2012-06-18 00:00:00,2012-06-18 00:00:00,43.21153846153846,0,0
2012-06-18 04:00:00,2012-06-18 04:00:00,6.42948717948718,0,4
2012-06-18 08:00:00,2012-06-18 08:00:00,13.39102564102564,0,8
2012-06-18 12:00:00,2012-06-18 12:00:00,61.7171052631579,0,12
2012-06-18 16:00:00,2012-06-18 16:00:00,93.28289473684211,0,16
2012-06-18 20:00:00,2012-06-18 20:00:00,175.9551282051282,0,20
2012-06-19 00:00:00,2012-06-19 00:00:00,70.3076923076923,1,0
2012-06-19 04:00:00,2012-06-19 04:00:00,8.775641025641026,1,4
2012-06-19 08:00:00,2012-06-19 08:00:00,14.333333333333334,1,8
2012-06-19 12:00:00,2012-06-19 12:00:00,64.30128205128206,1,12
2012-06-19 16:00:00,2012-06-19 16:00:00,103.02564102564102,1,16
2012-06-19 20:00:00,2012-06-19 20:00:00,181.21153846153845,1,20
2012-06-20 00:00:00,2012-06-20 00:00:00,73.78205128205128,2,0
2012-06-20 04:00:00,2012-06-20 04:00:00,9.993589743589743,2,4
2012-06-20 08:00:00,2012-06-20 08:00:00,14.115384615384615,2,8
2012-06-20 12:00:00,2012-06-20 12:00:00,65.76923076923077,2,12
2012-06-20 16:00:00,2012-06-20 16:00:00,97.99358974358974,2,16
2012-06-20 20:00:00,2012-06-20 20:00:00,179.30769230769232,2,20
2012-06-21 00:00:00,2012-06-21 00:00:00,75.62820512820512,3,0
2012-06-21 04:00:00,2012-06-21 04:00:00,10.467948717948717,3,4
2012-06-21 08:00:00,2012-06-21 08:00:00,13.762820512820513,3,8
2012-06-21 12:00:00,2012-06-21 12:00:00,65.9551282051282,3,12
2012-06-21 16:00:00,2012-06-21 16:00:00,95.67307692307692,3,16
2012-06-21 20:00:00,2012-06-21 20:00:00,171.09615384615384,3,20
2012-06-22 00:00:00,2012-06-22 00:00:00,74.46153846153847,4,0
2012-06-22 04:00:00,2012-06-22 04:00:00,12.288461538461538,4,4
2012-06-22 08:00:00,2012-06-22 08:00:00,13.006410256410257,4,8
2012-06-22 12:00:00,2012-06-22 12:00:00,61.044871794871796,4,12
2012-06-22 16:00:00,2012-06-22 16:00:00,99.69871794871794,4,16
2012-06-22 20:00:00,2012-06-22 20:00:00,144.62820512820514,4,20
2012-06-23 00:00:00,2012-06-23 00:00:00,62.37179487179487,5,0
2012-06-23 04:00:00,2012-06-23 04:00:00,14.865384615384615,5,4
2012-06-23 08:00:00,2012-06-23 08:00:00,6.666666666666667,5,8
2012-06-23 12:00:00,2012-06-23 12:00:00,33.07051282051282,5,12
2012-06-23 16:00:00,2012-06-23 16:00:00,65.7948717948718,5,16
2012-06-23 20:00:00,2012-06-23 20:00:00,89.85897435897436,5,20
2012-06-24 00:00:00,2012-06-24 00:00:00,54.88461538461539,6,0
2012-06-24 04:00:00,2012-06-24 04:00:00,14.628205128205128,6,4
2012-06-24 08:00:00,2012-06-24 08:00:00,5.794871794871795,6,8
2012-06-24 12:00:00,2012-06-24 12:00:00,32.166666666666664,6,12
2012-06-24 16:00:00,2012-06-24 16:00:00,60.006410256410255,6,16
2012-06-24 20:00:00,2012-06-24 20:00:00,77.7948717948718,6,20
2012-06-25 00:00:00,2012-06-25 00:00:00,41.56410256410256,0,0
2012-06-25 04:00:00,2012-06-25 04:00:00,6.2756410256410255,0,4
2012-06-25 08:00:00,2012-06-25 08:00:00,13.948717948717949,0,8
2012-06-25 12:00:00,2012-06-25 12:00:00,61.57692307692308,0,12
2012-06-25 16:00:00,2012-06-25 16:00:00,87.51282051282051,0,16
2012-06-25 20:00:00,2012-06-25 20:00:00,169.27564102564102,0,20
2012-06-26 00:00:00,2012-06-26 00:00:00,67.06410256410257,1,0
2012-06-26 04:00:00,2012-06-26 04:00:00,8.532051282051283,1,4
2012-06-26 08:00:00,2012-06-26 08:00:00,14.532051282051283,1,8
2012-06-26 12:00:00,2012-06-26 12:00:00,64.63461538461539,1,12
2012-06-26 16:00:00,2012-06-26 16:00:00,100.12162162162163,1,16
2012-06-26 20:00:00,2012-06-26 20:00:00,190.92567567567568,1,20
2012-06-27 00:00:00,2012-06-27 00:00:00,80.77564102564102,2,0
2012-06-27 04:00:00,2012-06-27 04:00:00,10.173076923076923,2,4
2012-06-27 08:00:00,2012-06-27 08:00:00,14.647435897435898,2,8
2012-06-27 12:00:00,2012-06-27 12:00:00,74.26282051282051,2,12
2012-06-27 16:00:00,2012-06-27 16:00:00,101.98076923076923,2,16
2012-06-27 20:00:00,2012-06-27 20:00:00,189.05769230769232,2,20
2012-06-28 00:00:00,2012-06-28 00:00:00,78.78846153846153,3,0
2012-06-28 04:00:00,2012-06-28 04:00:00,11.076923076923077,3,4
2012-06-28 08:00:00,2012-06-28 08:00:00,13.673076923076923,3,8
2012-06-28 12:00:00,2012-06-28 12:00:00,64.30128205128206,3,12
2012-06-28 16:00:00,2012-06-28 16:00:00,95.67307692307692,3,16
2012-06-28 20:00:00,2012-06-28 20:00:00,181.82051282051282,3,20
2012-06-29 00:00:00,2012-06-29 00:00:00,79.68589743589743,4,0
2012-06-29 04:00:00,2012-06-29 04:00:00,12.153846153846153,4,4
2012-06-29 08:00:00,2012-06-29 08:00:00,12.762820512820513,4,8
2012-06-29 12:00:00,2012-06-29 12:00:00,59.66025641025641,4,12
2012-06-29 16:00:00,2012-06-29 16:00:00,98.19871794871794,4,16
2012-06-29 20:00:00,2012-06-29 20:00:00,149.32692307692307,4,20
2012-06-30 00:00:00,2012-06-30 00:00:00,66.39102564102564,5,0
2012-06-30 04:00:00,2012-06-30 04:00:00,15.39102564102564,5,4
2012-06-30 08:00:00,2012-06-30 08:00:00,6.717948717948718,5,8
2012-06-30 12:00:00,2012-06-30 12:00:00,33.26923076923077,5,12
2012-06-30 16:00:00,2012-06-30 16:00:00,61.75,5,16
2012-06-30 20:00:00,2012-06-30 20:00:00,79.83974358974359,5,20
2012-07-01 00:00:00,2012-07-01 00:00:00,51.67948717948718,6,0
2012-07-01 04:00:00,2012-07-01 04:00:00,13.173076923076923,6,4
2012-07-01 08:00:00,2012-07-01 08:00:00,5.762820512820513,6,8
2012-07-01 12:00:00,2012-07-01 12:00:00,27.083333333333332,6,12
2012-07-01 16:00:00,2012-07-01 16:00:00,54.69230769230769,6,16
2012-07-01 20:00:00,2012-07-01 20:00:00,66.63461538461539,6,20
2012-07-02 00:00:00,2012-07-02 00:00:00,38.044871794871796,0,0
2012-07-02 04:00:00,2012-07-02 04:00:00,6.8076923076923075,0,4
2012-07-02 08:00:00,2012-07-02 08:00:00,13.134615384615385,0,8
2012-07-02 12:00:00,2012-07-02 12:00:00,59.55921052631579,0,12
2012-07-02 16:00:00,2012-07-02 16:00:00,86.92763157894737,0,16
2012-07-02 20:00:00,2012-07-02 20:00:00,164.05128205128204,0,20
2012-07-03 00:00:00,2012-07-03 00:00:00,65.64102564102564,1,0
2012-07-03 04:00:00,2012-07-03 04:00:00,8.871794871794872,1,4
2012-07-03 08:00:00,2012-07-03 08:00:00,13.384615384615385,1,8
2012-07-03 12:00:00,2012-07-03 12:00:00,59.35897435897436,1,12
2012-07-03 16:00:00,2012-07-03 16:00:00,113.6923076923077,1,16
2012-07-03 20:00:00,2012-07-03 20:00:00,147.82051282051282,1,20
2012-07-04 00:00:00,2012-07-04 00:00:00,67.87179487179488,2,0
2012-07-04 04:00:00,2012-07-04 04:00:00,12.012820512820513,2,4
2012-07-04 08:00:00,2012-07-04 08:00:00,6.051282051282051,2,8
2012-07-04 12:00:00,2012-07-04 12:00:00,25.942307692307693,2,12
2012-07-04 16:00:00,2012-07-04 16:00:00,54.94871794871795,2,16
2012-07-04 20:00:00,2012-07-04 20:00:00,76.05128205128206,2,20
2012-07-05 00:00:00,2012-07-05 00:00:00,90.08974358974359,3,0
2012-07-05 04:00:00,2012-07-05 04:00:00,12.371794871794872,3,4
2012-07-05 08:00:00,2012-07-05 08:00:00,12.076923076923077,3,8
2012-07-05 12:00:00,2012-07-05 12:00:00,54.77564102564103,3,12
2012-07-05 16:00:00,2012-07-05 16:00:00,86.34615384615384,3,16
2012-07-05 20:00:00,2012-07-05 20:00:00,150.96794871794873,3,20
2012-07-06 00:00:00,2012-07-06 00:00:00,70.07051282051282,4,0
2012-07-06 04:00:00,2012-07-06 04:00:00,10.35897435897436,4,4
2012-07-06 08:00:00,2012-07-06 08:00:00,12.08974358974359,4,8
2012-07-06 12:00:00,2012-07-06 12:00:00,53.967948717948715,4,12
2012-07-06 16:00:00,2012-07-06 16:00:00,92.92948717948718,4,16
2012-07-06 20:00:00,2012-07-06 20:00:00,134.22435897435898,4,20
2013-04-27 04:00:00,2013-04-27 04:00:00,15.923076923076923,5,4
2013-04-27 08:00:00,2013-04-27 08:00:00,6.621794871794871,5,8
2013-04-27 12:00:00,2013-04-27 12:00:00,38.05128205128205,5,12
2013-04-27 16:00:00,2013-04-27 16:00:00,81.78205128205128,5,16
2013-04-27 20:00:00,2013-04-27 20:00:00,105.46794871794872,5,20
2013-04-28 00:00:00,2013-04-28 00:00:00,60.80128205128205,6,0
2013-04-28 04:00:00,2013-04-28 04:00:00,15.762820512820513,6,4
2013-04-28 08:00:00,2013-04-28 08:00:00,6.256410256410256,6,8
2013-04-28 12:00:00,2013-04-28 12:00:00,35.3974358974359,6,12
2013-04-28 16:00:00,2013-04-28 16:00:00,67.80128205128206,6,16
2013-04-28 20:00:00,2013-04-28 20:00:00,94.76282051282051,6,20
2013-04-29 00:00:00,2013-04-29 00:00:00,37.6474358974359,0,0
2013-04-29 04:00:00,2013-04-29 04:00:00,6.173076923076923,0,4
2013-04-29 08:00:00,2013-04-29 08:00:00,14.41025641025641,0,8
2013-04-29 12:00:00,2013-04-29 12:00:00,69.65789473684211,0,12
2013-04-29 16:00:00,2013-04-29 16:00:00,111.67105263157895,0,16
2013-04-29 20:00:00,2013-04-29 20:00:00,197.0897435897436,0,20
2013-04-30 00:00:00,2013-04-30 00:00:00,77.21153846153847,1,0
2013-04-30 04:00:00,2013-04-30 04:00:00,9.884615384615385,1,4
2013-04-30 08:00:00,2013-04-30 08:00:00,15.326923076923077,1,8
2013-04-30 12:00:00,2013-04-30 12:00:00,70.51973684210526,1,12
2013-04-30 16:00:00,2013-04-30 16:00:00,117.92763157894737,1,16
2013-04-30 20:00:00,2013-04-30 20:00:00,207.3846153846154,1,20
2013-05-01 00:00:00,2013-05-01 00:00:00,88.53205128205128,2,0
2013-05-01 04:00:00,2013-05-01 04:00:00,10.429487179487179,2,4
2013-05-01 08:00:00,2013-05-01 08:00:00,15.262820512820513,2,8
2013-05-01 12:00:00,2013-05-01 12:00:00,70.21153846153847,2,12
2013-05-01 16:00:00,2013-05-01 16:00:00,119.13461538461539,2,16
2013-05-01 20:00:00,2013-05-01 20:00:00,215.55263157894737,2,20
2013-05-02 00:00:00,2013-05-02 00:00:00,94.20394736842105,3,0
2013-05-02 04:00:00,2013-05-02 04:00:00,11.407894736842104,3,4
2013-05-02 08:00:00,2013-05-02 08:00:00,15.25,3,8
2013-05-02 12:00:00,2013-05-02 12:00:00,73.49342105263158,3,12
2013-05-02 16:00:00,2013-05-02 16:00:00,118.92307692307692,3,16
2013-05-02 20:00:00,2013-05-02 20:00:00,207.7051282051282,3,20
2013-05-03 00:00:00,2013-05-03 00:00:00,92.4551282051282,4,0
2013-05-03 04:00:00,2013-05-03 04:00:00,13.955128205128204,4,4
2013-05-03 08:00:00,2013-05-03 08:00:00,15.5,4,8
2013-05-03 12:00:00,2013-05-03 12:00:00,70.47727272727273,4,12
2013-05-03 16:00:00,2013-05-03 16:00:00,116.76923076923077,4,16
2013-05-03 20:00:00,2013-05-03 20:00:00,192.03205128205127,4,20
2013-05-04 00:00:00,2013-05-04 00:00:00,76.94871794871794,5,0
2013-05-04 04:00:00,2013-05-04 04:00:00,17.673076923076923,5,4
2013-05-04 08:00:00,2013-05-04 08:00:00,6.538461538461538,5,8
2013-05-04 12:00:00,2013-05-04 12:00:00,41.03846153846154,5,12
2013-05-04 16:00:00,2013-05-04 16:00:00,85.41025641025641,5,16
2013-05-04 20:00:00,2013-05-04 20:00:00,109.73717948717949,5,20
2013-05-05 00:00:00,2013-05-05 00:00:00,58.84615384615385,6,0
2013-05-05 04:00:00,2013-05-05 04:00:00,14.51923076923077,6,4
2013-05-05 08:00:00,2013-05-05 08:00:00,6.564102564102564,6,8
2013-05-05 12:00:00,2013-05-05 12:00:00,33.256410256410255,6,12
2013-05-05 16:00:00,2013-05-05 16:00:00,67.33333333333333,6,16
2013-05-05 20:00:00,2013-05-05 20:00:00,93.5,6,20
2013-05-06 00:00:00,2013-05-06 00:00:00,39.07051282051282,0,0
2013-05-06 04:00:00,2013-05-06 04:00:00,10.51923076923077,0,4
2013-05-06 08:00:00,2013-05-06 08:00:00,14.557692307692308,0,8
2013-05-06 12:00:00,2013-05-06 12:00:00,67.00641025641026,0,12
2013-05-06 16:00:00,2013-05-06 16:00:00,109.84615384615384,0,16
2013-05-06 20:00:00,2013-05-06 20:00:00,199.28205128205127,0,20
2013-05-07 00:00:00,2013-05-07 00:00:00,82.26282051282051,1,0
2013-05-07 04:00:00,2013-05-07 04:00:00,10.929487179487179,1,4
2013-05-07 08:00:00,2013-05-07 08:00:00,15.871794871794872,1,8
2013-05-07 12:00:00,2013-05-07 12:00:00,69.48717948717949,1,12
2013-05-07 16:00:00,2013-05-07 16:00:00,119.68589743589743,1,16
2013-05-07 20:00:00,2013-05-07 20:00:00,205.9551282051282,1,20
2013-05-08 00:00:00,2013-05-08 00:00:00,93.6474358974359,2,0
2013-05-08 04:00:00,2013-05-08 04:00:00,11.76923076923077,2,4
2013-05-08 08:00:00,2013-05-08 08:00:00,14.942307692307692,2,8
2013-05-08 12:00:00,2013-05-08 12:00:00,71.28289473684211,2,12
2013-05-08 16:00:00,2013-05-08 16:00:00,113.25657894736842,2,16
2013-05-08 20:00:00,2013-05-08 20:00:00,197.69871794871796,2,20
2013-05-09 00:00:00,2013-05-09 00:00:00,89.18589743589743,3,0
2013-05-09 04:00:00,2013-05-09 04:00:00,11.897435897435898,3,4
2013-05-09 08:00:00,2013-05-09 08:00:00,15.064102564102564,3,8
2013-05-09 12:00:00,2013-05-09 12:00:00,71.68589743589743,3,12
2013-05-09 16:00:00,2013-05-09 16:00:00,112.1025641025641,3,16
2013-05-09 20:00:00,2013-05-09 20:00:00,198.28846153846155,3,20
2013-05-10 00:00:00,2013-05-10 00:00:00,95.33333333333333,4,0
2013-05-10 04:00:00,2013-05-10 04:00:00,14.403846153846153,4,4
2013-05-10 08:00:00,2013-05-10 08:00:00,14.192307692307692,4,8
2013-05-10 12:00:00,2013-05-10 12:00:00,68.11538461538461,4,12
2013-05-10 16:00:00,2013-05-10 16:00:00,119.74358974358974,4,16
2013-05-10 20:00:00,2013-05-10 20:00:00,187.15384615384616,4,20
2013-05-11 08:00:00,2013-05-11 08:00:00,32.86965811965812,5,8
2013-05-11 12:00:00,2013-05-11 12:00:00,35.333333333333336,5,12
2013-05-11 16:00:00,2013-05-11 16:00:00,74.0448717948718,5,16
2013-05-11 20:00:00,2013-05-11 20:00:00,84.07051282051282,5,20
2013-05-12 00:00:00,2013-05-12 00:00:00,49.93589743589744,6,0
2013-05-12 04:00:00,2013-05-12 04:00:00,16.397435897435898,6,4
2013-05-12 08:00:00,2013-05-12 08:00:00,5.852564102564102,6,8
2013-05-12 12:00:00,2013-05-12 12:00:00,30.03205128205128,6,12
2013-05-12 16:00:00,2013-05-12 16:00:00,63.217948717948715,6,16
2013-05-12 20:00:00,2013-05-12 20:00:00,90.16025641025641,6,20
2013-05-13 00:00:00,2013-05-13 00:00:00,39.61538461538461,0,0
2013-05-13 04:00:00,2013-05-13 04:00:00,5.923076923076923,0,4
2013-05-13 08:00:00,2013-05-13 08:00:00,14.801282051282051,0,8
2013-05-13 12:00:00,2013-05-13 12:00:00,64.66025641025641,0,12
2013-05-13 16:00:00,2013-05-13 16:00:00,112.53846153846153,0,16
2013-05-13 20:00:00,2013-05-13 20:00:00,199.50641025641025,0,20
2013-05-14 00:00:00,2013-05-14 00:00:00,78.44871794871794,1,0
2013-05-14 04:00:00,2013-05-14 04:00:00,9.525641025641026,1,4
2013-05-14 08:00:00,2013-05-14 08:00:00,15.205128205128204,1,8
2013-05-14 12:00:00,2013-05-14 12:00:00,68.74358974358974,1,12
2013-05-14 16:00:00,2013-05-14 16:00:00,121.23076923076923,1,16
2013-05-14 20:00:00,2013-05-14 20:00:00,212.35897435897436,1,20
2013-05-15 00:00:00,2013-05-15 00:00:00,87.92948717948718,2,0
2013-05-15 04:00:00,2013-05-15 04:00:00,11.128205128205128,2,4
2013-05-15 08:00:00,2013-05-15 08:00:00,14.60897435897436,2,8
2013-05-15 12:00:00,2013-05-15 12:00:00,67.6474358974359,2,12
2013-05-15 16:00:00,2013-05-15 16:00:00,115.53205128205128,2,16
2013-05-15 20:00:00,2013-05-15 20:00:00,200.25641025641025,2,20
2013-05-16 00:00:00,2013-05-16 00:00:00,88.92307692307692,3,0
2013-05-16 04:00:00,2013-05-16 04:00:00,12.256410256410257,3,4
2013-05-16 08:00:00,2013-05-16 08:00:00,15.0,3,8
2013-05-16 12:00:00,2013-05-16 12:00:00,66.30128205128206,3,12
2013-05-16 16:00:00,2013-05-16 16:00:00,121.61538461538461,3,16
2013-05-16 20:00:00,2013-05-16 20:00:00,203.52564102564102,3,20
2013-05-17 00:00:00,2013-05-17 00:00:00,89.8974358974359,4,0
2013-05-17 04:00:00,2013-05-17 04:00:00,12.987179487179487,4,4
2013-05-17 08:00:00,2013-05-17 08:00:00,14.326923076923077,4,8
2013-05-17 12:00:00,2013-05-17 12:00:00,65.34615384615384,4,12
2013-05-17 16:00:00,2013-05-17 16:00:00,119.16025641025641,4,16
2013-05-17 20:00:00,2013-05-17 20:00:00,184.2948717948718,4,20
2013-05-18 00:00:00,2013-05-18 00:00:00,82.11538461538461,5,0
2013-05-18 04:00:00,2013-05-18 04:00:00,17.57051282051282,5,4
2013-05-18 08:00:00,2013-05-18 08:00:00,8.275641025641026,5,8
2013-05-18 12:00:00,2013-05-18 12:00:00,38.81410256410256,5,12
2013-05-18 16:00:00,2013-05-18 16:00:00,87.21794871794872,5,16
2013-05-18 20:00:00,2013-05-18 20:00:00,98.4551282051282,5,20
2013-05-19 00:00:00,2013-05-19 00:00:00,58.62179487179487,6,0
2013-05-19 04:00:00,2013-05-19 04:00:00,15.173076923076923,6,4
2013-05-19 08:00:00,2013-05-19 08:00:00,6.089743589743589,6,8
2013-05-19 12:00:00,2013-05-19 12:00:00,32.09615384615385,6,12
2013-05-19 16:00:00,2013-05-19 16:00:00,78.13461538461539,6,16
2013-05-19 20:00:00,2013-05-19 20:00:00,77.64102564102564,6,20
2013-05-20 00:00:00,2013-05-20 00:00:00,38.77564102564103,0,0
2013-05-20 04:00:00,2013-05-20 04:00:00,6.371794871794871,0,4
2013-05-20 08:00:00,2013-05-20 08:00:00,14.60897435897436,0,8
2013-05-20 12:00:00,2013-05-20 12:00:00,68.60526315789474,0,12
2013-05-20 16:00:00,2013-05-20 16:00:00,116.35526315789474,0,16
2013-05-20 20:00:00,2013-05-20 20:00:00,191.6346153846154,0,20
2013-05-21 00:00:00,2013-05-21 00:00:00,81.3076923076923,1,0
2013-05-21 04:00:00,2013-05-21 04:00:00,11.025641025641026,1,4
2013-05-21 08:00:00,2013-05-21 08:00:00,15.39102564102564,1,8
2013-05-21 12:00:00,2013-05-21 12:00:00,71.82051282051282,1,12
2013-05-21 16:00:00,2013-05-21 16:00:00,117.0,1,16
2013-05-21 20:00:00,2013-05-21 20:00:00,200.5897435897436,1,20
2013-05-22 00:00:00,2013-05-22 00:00:00,84.66666666666667,2,0
2013-05-22 04:00:00,2013-05-22 04:00:00,12.442307692307692,2,4
2013-05-22 08:00:00,2013-05-22 08:00:00,15.782051282051283,2,8
2013-05-22 12:00:00,2013-05-22 12:00:00,71.2051282051282,2,12
2013-05-22 16:00:00,2013-05-22 16:00:00,116.88461538461539,2,16
2013-05-22 20:00:00,2013-05-22 20:00:00,199.41666666666666,2,20
2013-05-23 00:00:00,2013-05-23 00:00:00,85.67307692307692,3,0
2013-05-23 04:00:00,2013-05-23 04:00:00,13.128205128205128,3,4
2013-05-23 08:00:00,2013-05-23 08:00:00,15.134615384615385,3,8
2013-05-23 12:00:00,2013-05-23 12:00:00,68.98717948717949,3,12
2013-05-23 16:00:00,2013-05-23 16:00:00,123.00641025641026,3,16
2013-05-23 20:00:00,2013-05-23 20:00:00,195.00641025641025,3,20
2013-05-24 00:00:00,2013-05-24 00:00:00,72.76282051282051,4,0
2013-05-24 04:00:00,2013-05-24 04:00:00,12.666666666666666,4,4
2013-05-24 08:00:00,2013-05-24 08:00:00,13.198717948717949,4,8
2013-05-24 12:00:00,2013-05-24 12:00:00,63.08974358974359,4,12
2013-05-24 16:00:00,2013-05-24 16:00:00,136.07692307692307,4,16
2013-05-24 20:00:00,2013-05-24 20:00:00,138.72435897435898,4,20
2013-05-25 00:00:00,2013-05-25 00:00:00,55.88461538461539,5,0
2013-05-25 04:00:00,2013-05-25 04:00:00,12.532051282051283,5,4
2013-05-25 08:00:00,2013-05-25 08:00:00,7.614583333333333,5,8
2013-05-25 12:00:00,2013-05-25 12:00:00,37.5625,5,12
2013-05-25 16:00:00,2013-05-25 16:00:00,60.16025641025641,5,16
2013-05-25 20:00:00,2013-05-25 20:00:00,71.82692307692308,5,20
2013-05-26 00:00:00,2013-05-26 00:00:00,47.0,6,0
2013-05-26 04:00:00,2013-05-26 04:00:00,12.653846153846153,6,4
2013-05-26 08:00:00,2013-05-26 08:00:00,5.75,6,8
2013-05-26 12:00:00,2013-05-26 12:00:00,27.858974358974358,6,12
2013-05-26 16:00:00,2013-05-26 16:00:00,58.23076923076923,6,16
2013-05-26 20:00:00,2013-05-26 20:00:00,83.78846153846153,6,20
2013-05-27 00:00:00,2013-05-27 00:00:00,41.56410256410256,0,0
2013-05-27 04:00:00,2013-05-27 04:00:00,9.378205128205128,0,4
2013-05-27 08:00:00,2013-05-27 08:00:00,5.205128205128205,0,8
2013-05-27 12:00:00,2013-05-27 12:00:00,26.423076923076923,0,12
2013-05-27 16:00:00,2013-05-27 16:00:00,62.62820512820513,0,16
2013-05-27 20:00:00,2013-05-27 20:00:00,91.8525641025641,0,20
2013-05-28 00:00:00,2013-05-28 00:00:00,46.18589743589744,1,0
2013-05-28 04:00:00,2013-05-28 04:00:00,6.256410256410256,1,4
2013-05-28 08:00:00,2013-05-28 08:00:00,14.153846153846153,1,8
2013-05-28 12:00:00,2013-05-28 12:00:00,63.19230769230769,1,12
2013-05-28 16:00:00,2013-05-28 16:00:00,104.07051282051282,1,16
2013-05-28 20:00:00,2013-05-28 20:00:00,178.46794871794873,1,20
2013-05-29 00:00:00,2013-05-29 00:00:00,65.85897435897436,2,0
2013-05-29 04:00:00,2013-05-29 04:00:00,8.814102564102564,2,4
2013-05-29 08:00:00,2013-05-29 08:00:00,14.987179487179487,2,8
2013-05-29 12:00:00,2013-05-29 12:00:00,64.83333333333333,2,12
2013-05-29 16:00:00,2013-05-29 16:00:00,104.25,2,16
2013-05-29 20:00:00,2013-05-29 20:00:00,197.85897435897436,2,20
2013-05-30 00:00:00,2013-05-30 00:00:00,88.34615384615384,3,0
2013-05-30 04:00:00,2013-05-30 04:00:00,11.570512820512821,3,4
2013-05-30 08:00:00,2013-05-30 08:00:00,15.166666666666666,3,8
2013-05-30 12:00:00,2013-05-30 12:00:00,67.01973684210526,3,12
2013-05-30 16:00:00,2013-05-30 16:00:00,114.01973684210526,3,16
2013-05-30 20:00:00,2013-05-30 20:00:00,201.70394736842104,3,20
2013-05-31 00:00:00,2013-05-31 00:00:00,87.11184210526316,4,0
2013-05-31 04:00:00,2013-05-31 04:00:00,13.06578947368421,4,4
2013-05-31 08:00:00,2013-05-31 08:00:00,14.618421052631579,4,8
2013-05-31 12:00:00,2013-05-31 12:00:00,66.23684210526316,4,12
2013-05-31 16:00:00,2013-05-31 16:00:00,110.31410256410257,4,16
2013-05-31 20:00:00,2013-05-31 20:00:00,172.05128205128204,4,20
2013-06-01 00:00:00,2013-06-01 00:00:00,73.16666666666667,5,0
2013-06-01 04:00:00,2013-06-01 04:00:00,16.871794871794872,5,4
2013-06-01 08:00:00,2013-06-01 08:00:00,7.07051282051282,5,8
2013-06-01 12:00:00,2013-06-01 12:00:00,34.44871794871795,5,12
2013-06-01 16:00:00,2013-06-01 16:00:00,72.07051282051282,5,16
2013-06-01 20:00:00,2013-06-01 20:00:00,96.17307692307692,5,20
2013-06-02 00:00:00,2013-06-02 00:00:00,61.60897435897436,6,0
2013-06-02 04:00:00,2013-06-02 04:00:00,15.782051282051283,6,4
2013-06-02 08:00:00,2013-06-02 08:00:00,6.096153846153846,6,8
2013-06-02 12:00:00,2013-06-02 12:00:00,29.25,6,12
2013-06-02 20:00:00,2013-06-02 20:00:00,77.43589743589743,6,20
2013-06-03 00:00:00,2013-06-03 00:00:00,44.14102564102564,0,0
2013-06-03 04:00:00,2013-06-03 04:00:00,6.262820512820513,0,4
2013-06-03 08:00:00,2013-06-03 08:00:00,15.448717948717949,0,8
2013-06-03 12:00:00,2013-06-03 12:00:00,61.32051282051282,0,12
2013-06-03 16:00:00,2013-06-03 16:00:00,98.53846153846153,0,16
2013-06-03 20:00:00,2013-06-03 20:00:00,181.53846153846155,0,20
2013-06-04 00:00:00,2013-06-04 00:00:00,67.85897435897436,1,0
2013-06-04 04:00:00,2013-06-04 04:00:00,9.371794871794872,1,4
2013-06-04 08:00:00,2013-06-04 08:00:00,15.39102564102564,1,8
2013-06-04 12:00:00,2013-06-04 12:00:00,63.916666666666664,1,12
2013-06-04 16:00:00,2013-06-04 16:00:00,106.18589743589743,1,16
2013-06-04 20:00:00,2013-06-04 20:00:00,193.10256410256412,1,20
2013-06-05 00:00:00,2013-06-05 00:00:00,80.90384615384616,2,0
2013-06-05 04:00:00,2013-06-05 04:00:00,10.58974358974359,2,4
2013-06-05 08:00:00,2013-06-05 08:00:00,14.83974358974359,2,8
2013-06-05 12:00:00,2013-06-05 12:00:00,66.51923076923077,2,12
2013-06-05 16:00:00,2013-06-05 16:00:00,107.86538461538461,2,16
2013-06-05 20:00:00,2013-06-05 20:00:00,194.58333333333334,2,20
2013-06-06 00:00:00,2013-06-06 00:00:00,82.16666666666667,3,0
2013-06-06 04:00:00,2013-06-06 04:00:00,10.903846153846153,3,4
2013-06-06 08:00:00,2013-06-06 08:00:00,14.634615384615385,3,8
2013-06-06 12:00:00,2013-06-06 12:00:00,64.63461538461539,3,12
2013-06-06 16:00:00,2013-06-06 16:00:00,107.14102564102564,3,16
2013-06-06 20:00:00,2013-06-06 20:00:00,190.78205128205127,3,20
2013-06-07 00:00:00,2013-06-07 00:00:00,77.39102564102564,4,0
2013-06-07 04:00:00,2013-06-07 04:00:00,11.288461538461538,4,4
2013-06-07 08:00:00,2013-06-07 08:00:00,13.916666666666666,4,8
2013-06-07 12:00:00,2013-06-07 12:00:00,65.01923076923077,4,12
2013-06-07 16:00:00,2013-06-07 16:00:00,107.44871794871794,4,16
2013-06-07 20:00:00,2013-06-07 20:00:00,160.94871794871796,4,20
2013-06-08 00:00:00,2013-06-08 00:00:00,51.58974358974359,5,0
2013-06-08 04:00:00,2013-06-08 04:00:00,11.224358974358974,5,4
2013-06-08 08:00:00,2013-06-08 08:00:00,5.878205128205129,5,8
2013-06-08 12:00:00,2013-06-08 12:00:00,40.18589743589744,5,12
2013-06-08 16:00:00,2013-06-08 16:00:00,70.92307692307692,5,16
2013-06-08 20:00:00,2013-06-08 20:00:00,89.21794871794872,5,20
2013-06-09 00:00:00,2013-06-09 00:00:00,58.416666666666664,6,0
2013-06-09 04:00:00,2013-06-09 04:00:00,16.371794871794872,6,4
2013-06-09 08:00:00,2013-06-09 08:00:00,6.865384615384615,6,8
2013-06-09 12:00:00,2013-06-09 12:00:00,29.262820512820515,6,12
2013-06-09 16:00:00,2013-06-09 16:00:00,70.11538461538461,6,16
2013-06-09 20:00:00,2013-06-09 20:00:00,98.74358974358974,6,20
2013-06-10 00:00:00,2013-06-10 00:00:00,43.67948717948718,0,0
2013-06-10 04:00:00,2013-06-10 04:00:00,8.0,0,4
2013-06-10 08:00:00,2013-06-10 08:00:00,14.628205128205128,0,8
2013-06-10 12:00:00,2013-06-10 12:00:00,65.53846153846153,0,12
2013-06-10 16:00:00,2013-06-10 16:00:00,68.22222222222223,0,16
2013-06-10 20:00:00,2013-06-10 20:00:00,103.75925925925925,0,20
2013-06-11 00:00:00,2013-06-11 00:00:00,60.76282051282051,1,0
2013-06-11 04:00:00,2013-06-11 04:00:00,7.897435897435898,1,4
2013-06-11 08:00:00,2013-06-11 08:00:00,14.737179487179487,1,8
2013-06-11 12:00:00,2013-06-11 12:00:00,65.76282051282051,1,12
2013-06-11 16:00:00,2013-06-11 16:00:00,107.16666666666667,1,16
2013-06-11 20:00:00,2013-06-11 20:00:00,185.47435897435898,1,20
2013-06-12 00:00:00,2013-06-12 00:00:00,78.85897435897436,2,0
2013-06-12 04:00:00,2013-06-12 04:00:00,11.051282051282051,2,4
2013-06-12 08:00:00,2013-06-12 08:00:00,15.147435897435898,2,8
2013-06-12 12:00:00,2013-06-12 12:00:00,67.58974358974359,2,12
2013-06-12 16:00:00,2013-06-12 16:00:00,107.6025641025641,2,16
2013-06-12 20:00:00,2013-06-12 20:00:00,194.19230769230768,2,20
2013-06-13 00:00:00,2013-06-13 00:00:00,90.8974358974359,3,0
2013-06-13 04:00:00,2013-06-13 04:00:00,11.66025641025641,3,4
2013-06-13 08:00:00,2013-06-13 08:00:00,15.147435897435898,3,8
2013-06-13 12:00:00,2013-06-13 12:00:00,70.30128205128206,3,12
2013-06-13 16:00:00,2013-06-13 16:00:00,99.38461538461539,3,16
2013-06-13 20:00:00,2013-06-13 20:00:00,180.67948717948718,3,20
2013-06-14 00:00:00,2013-06-14 00:00:00,70.89102564102564,4,0
2013-06-14 04:00:00,2013-06-14 04:00:00,10.679487179487179,4,4
2013-06-14 08:00:00,2013-06-14 08:00:00,13.448717948717949,4,8
2013-06-14 12:00:00,2013-06-14 12:00:00,63.73076923076923,4,12
2013-06-14 16:00:00,2013-06-14 16:00:00,102.57051282051282,4,16
2013-06-14 20:00:00,2013-06-14 20:00:00,172.46794871794873,4,20
2013-06-15 00:00:00,2013-06-15 00:00:00,70.92948717948718,5,0
2013-06-15 04:00:00,2013-06-15 04:00:00,15.993589743589743,5,4
2013-06-15 08:00:00,2013-06-15 08:00:00,6.884615384615385,5,8
2013-06-15 12:00:00,2013-06-15 12:00:00,34.38461538461539,5,12
2013-06-15 16:00:00,2013-06-15 16:00:00,71.60897435897436,5,16
2013-06-15 20:00:00,2013-06-15 20:00:00,100.3525641025641,5,20
2013-06-16 00:00:00,2013-06-16 00:00:00,61.8974358974359,6,0
2013-06-16 04:00:00,2013-06-16 04:00:00,16.397435897435898,6,4
2013-06-16 08:00:00,2013-06-16 08:00:00,6.102564102564102,6,8
2013-06-16 12:00:00,2013-06-16 12:00:00,29.064102564102566,6,12
2013-06-16 16:00:00,2013-06-16 16:00:00,55.97435897435897,6,16
2013-06-16 20:00:00,2013-06-16 20:00:00,74.12820512820512,6,20
2013-06-17 00:00:00,2013-06-17 00:00:00,40.69871794871795,0,0
2013-06-17 04:00:00,2013-06-17 04:00:00,7.384615384615385,0,4
2013-06-17 08:00:00,2013-06-17 08:00:00,14.435897435897436,0,8
2013-06-17 12:00:00,2013-06-17 12:00:00,62.22435897435897,0,12
2013-06-17 16:00:00,2013-06-17 16:00:00,99.83974358974359,0,16
2013-06-17 20:00:00,2013-06-17 20:00:00,175.75,0,20
2013-06-18 00:00:00,2013-06-18 00:00:00,77.01282051282051,1,0
2013-06-18 04:00:00,2013-06-18 04:00:00,10.596153846153847,1,4
2013-06-18 08:00:00,2013-06-18 08:00:00,15.564102564102564,1,8
2013-06-18 12:00:00,2013-06-18 12:00:00,65.35897435897436,1,12
2013-06-18 16:00:00,2013-06-18 16:00:00,102.33974358974359,1,16
2013-06-18 20:00:00,2013-06-18 20:00:00,188.01923076923077,1,20
2013-06-19 00:00:00,2013-06-19 00:00:00,71.11538461538461,2,0
2013-06-19 04:00:00,2013-06-19 04:00:00,12.570512820512821,2,4
2013-06-19 08:00:00,2013-06-19 08:00:00,14.775641025641026,2,8
2013-06-19 12:00:00,2013-06-19 12:00:00,66.86538461538461,2,12
2013-06-19 16:00:00,2013-06-19 16:00:00,100.87179487179488,2,16
2013-06-19 20:00:00,2013-06-19 20:00:00,193.08333333333334,2,20
2013-06-20 00:00:00,2013-06-20 00:00:00,81.1923076923077,3,0
2013-06-20 04:00:00,2013-06-20 04:00:00,11.75,3,4
2013-06-20 08:00:00,2013-06-20 08:00:00,14.538461538461538,3,8
2013-06-20 12:00:00,2013-06-20 12:00:00,65.41666666666667,3,12
2013-06-20 16:00:00,2013-06-20 16:00:00,101.60897435897436,3,16
2013-06-20 20:00:00,2013-06-20 20:00:00,191.75641025641025,3,20
2013-06-21 00:00:00,2013-06-21 00:00:00,85.78846153846153,4,0
2013-06-21 04:00:00,2013-06-21 04:00:00,15.301282051282051,4,4
2013-06-21 08:00:00,2013-06-21 08:00:00,13.60897435897436,4,8
2013-06-21 12:00:00,2013-06-21 12:00:00,61.46153846153846,4,12
2013-06-21 16:00:00,2013-06-21 16:00:00,102.19871794871794,4,16
2013-06-21 20:00:00,2013-06-21 20:00:00,167.37179487179486,4,20
2013-06-22 00:00:00,2013-06-22 00:00:00,77.42307692307692,5,0
2013-06-22 04:00:00,2013-06-22 04:00:00,18.416666666666668,5,4
2013-06-22 08:00:00,2013-06-22 08:00:00,6.634615384615385,5,8
2013-06-22 12:00:00,2013-06-22 12:00:00,36.006410256410255,5,12
2013-06-22 16:00:00,2013-06-22 16:00:00,71.31410256410257,5,16
2013-06-22 20:00:00,2013-06-22 20:00:00,94.89102564102564,5,20
2013-06-23 00:00:00,2013-06-23 00:00:00,59.782051282051285,6,0
2013-06-23 04:00:00,2013-06-23 04:00:00,15.025641025641026,6,4
2013-06-23 08:00:00,2013-06-23 08:00:00,6.25,6,8
2013-06-23 12:00:00,2013-06-23 12:00:00,29.92948717948718,6,12
2013-06-23 16:00:00,2013-06-23 16:00:00,61.52564102564103,6,16
2013-06-23 20:00:00,2013-06-23 20:00:00,86.6923076923077,6,20
2013-06-24 00:00:00,2013-06-24 00:00:00,46.1025641025641,0,0
2013-06-24 04:00:00,2013-06-24 04:00:00,7.67948717948718,0,4
2013-06-24 08:00:00,2013-06-24 08:00:00,14.070512820512821,0,8
2013-06-24 12:00:00,2013-06-24 12:00:00,63.90384615384615,0,12
2013-06-24 16:00:00,2013-06-24 16:00:00,99.8974358974359,0,16
2013-06-24 20:00:00,2013-06-24 20:00:00,181.80769230769232,0,20
2013-06-25 00:00:00,2013-06-25 00:00:00,69.49358974358974,1,0
2013-06-25 04:00:00,2013-06-25 04:00:00,9.775641025641026,1,4
2013-06-25 08:00:00,2013-06-25 08:00:00,14.935897435897436,1,8
2013-06-25 12:00:00,2013-06-25 12:00:00,64.78205128205128,1,12
2013-06-25 16:00:00,2013-06-25 16:00:00,99.2948717948718,1,16
2013-06-25 20:00:00,2013-06-25 20:00:00,188.74358974358975,1,20
2013-06-26 00:00:00,2013-06-26 00:00:00,79.57692307692308,2,0
2013-06-26 04:00:00,2013-06-26 04:00:00,10.153846153846153,2,4
2013-06-26 08:00:00,2013-06-26 08:00:00,14.403846153846153,2,8
2013-06-26 12:00:00,2013-06-26 12:00:00,74.85897435897436,2,12
2013-06-26 16:00:00,2013-06-26 16:00:00,102.25641025641026,2,16
2013-06-26 20:00:00,2013-06-26 20:00:00,197.46153846153845,2,20
2013-06-27 00:00:00,2013-06-27 00:00:00,77.43589743589743,3,0
2013-06-27 04:00:00,2013-06-27 04:00:00,11.673076923076923,3,4
2013-06-27 08:00:00,2013-06-27 08:00:00,13.903846153846153,3,8
2013-06-27 12:00:00,2013-06-27 12:00:00,66.3974358974359,3,12
2013-06-27 16:00:00,2013-06-27 16:00:00,98.12820512820512,3,16
2013-06-27 20:00:00,2013-06-27 20:00:00,186.25,3,20
2013-06-28 00:00:00,2013-06-28 00:00:00,83.91025641025641,4,0
2013-06-28 04:00:00,2013-06-28 04:00:00,11.08974358974359,4,4
2013-06-28 08:00:00,2013-06-28 08:00:00,13.16025641025641,4,8
2013-06-28 12:00:00,2013-06-28 12:00:00,62.46153846153846,4,12
2013-06-28 16:00:00,2013-06-28 16:00:00,100.28205128205128,4,16
2013-06-28 20:00:00,2013-06-28 20:00:00,162.80769230769232,4,20
2013-06-29 00:00:00,2013-06-29 00:00:00,71.01923076923077,5,0
2013-06-29 04:00:00,2013-06-29 04:00:00,15.833333333333334,5,4
2013-06-29 08:00:00,2013-06-29 08:00:00,7.153846153846154,5,8
2013-06-29 12:00:00,2013-06-29 12:00:00,31.30128205128205,5,12
2013-06-29 16:00:00,2013-06-29 16:00:00,68.96794871794872,5,16
2013-06-29 20:00:00,2013-06-29 20:00:00,92.47435897435898,5,20
2013-06-30 00:00:00,2013-06-30 00:00:00,58.58974358974359,6,0
2013-06-30 04:00:00,2013-06-30 04:00:00,15.923076923076923,6,4
2013-06-30 08:00:00,2013-06-30 08:00:00,5.602564102564102,6,8
2013-06-30 12:00:00,2013-06-30 12:00:00,30.807692307692307,6,12
2013-06-30 16:00:00,2013-06-30 16:00:00,63.51282051282051,6,16
2013-06-30 20:00:00,2013-06-30 20:00:00,67.87179487179488,6,20
2013-07-01 00:00:00,2013-07-01 00:00:00,39.89102564102564,0,0
2013-07-01 04:00:00,2013-07-01 04:00:00,7.698717948717949,0,4
2013-07-01 08:00:00,2013-07-01 08:00:00,12.897435897435898,0,8
2013-07-01 12:00:00,2013-07-01 12:00:00,62.92307692307692,0,12
2013-07-01 16:00:00,2013-07-01 16:00:00,87.23717948717949,0,16
2013-07-01 20:00:00,2013-07-01 20:00:00,169.48076923076923,0,20
2013-07-02 00:00:00,2013-07-02 00:00:00,61.82692307692308,1,0
2013-07-02 04:00:00,2013-07-02 04:00:00,9.17142857142857,1,4
2013-07-02 08:00:00,2013-07-02 08:00:00,14.67142857142857,1,8
2013-07-02 12:00:00,2013-07-02 12:00:00,63.52564102564103,1,12
2013-07-02 16:00:00,2013-07-02 16:00:00,93.42307692307692,1,16
2013-07-02 20:00:00,2013-07-02 20:00:00,178.05128205128204,1,20
2013-07-03 00:00:00,2013-07-03 00:00:00,71.22435897435898,2,0
2013-07-03 04:00:00,2013-07-03 04:00:00,9.64102564102564,2,4
2013-07-03 08:00:00,2013-07-03 08:00:00,12.85897435897436,2,8
2013-07-03 12:00:00,2013-07-03 12:00:00,60.60897435897436,2,12
2013-07-03 16:00:00,2013-07-03 16:00:00,119.40384615384616,2,16
2013-07-03 20:00:00,2013-07-03 20:00:00,152.50641025641025,2,20
2013-07-04 00:00:00,2013-07-04 00:00:00,62.717948717948715,3,0
2013-07-04 04:00:00,2013-07-04 04:00:00,12.51923076923077,3,4
2013-07-04 08:00:00,2013-07-04 08:00:00,5.634615384615385,3,8
2013-07-04 12:00:00,2013-07-04 12:00:00,26.987179487179485,3,12
2013-07-04 16:00:00,2013-07-04 16:00:00,53.75,3,16
2013-07-04 20:00:00,2013-07-04 20:00:00,77.03846153846153,3,20
2013-07-05 00:00:00,2013-07-05 00:00:00,79.64102564102564,4,0
2013-07-05 04:00:00,2013-07-05 04:00:00,14.25,4,4
2013-07-05 08:00:00,2013-07-05 08:00:00,9.147435897435898,4,8
2013-07-05 12:00:00,2013-07-05 12:00:00,42.62179487179487,4,12
2013-07-05 16:00:00,2013-07-05 16:00:00,79.84615384615384,4,16
2013-07-05 20:00:00,2013-07-05 20:00:00,109.17307692307692,4,20
